"","p_val","avg_log2FC","p_val_adj","sig","fc_thresh","test_status"
"FTL",1.61987702584494e-10,-1.57311138321047,1.9357530458847e-07,TRUE,TRUE,"sig."
"SYNE1",6.60746796386833e-09,0.274466025374448,3.94796210841133e-06,TRUE,TRUE,"sig."
"TYROBP",7.2698075872974e-08,-0.648110563790881,2.89580668894013e-05,TRUE,TRUE,"sig."
"IRAK3",9.86516536177637e-08,0.24323703402912,2.94721815183069e-05,TRUE,FALSE,"sig."
"MT-RNR2",2.52834793858498e-07,-1.31649695439962,6.04275157321811e-05,TRUE,TRUE,"sig."
"IL1R2",4.14975981976883e-07,0.515127950786689,8.26493830770625e-05,TRUE,TRUE,"sig."
"HLA-B",1.37985587603939e-06,-0.432297740747647,0.000235561110266724,TRUE,TRUE,"sig."
"LINC01272",2.23957803584362e-06,-0.190849570192723,0.000334536969104141,TRUE,FALSE,"sig."
"FKBP5",2.69269794736856e-06,0.221541916670719,0.000343568229066418,TRUE,FALSE,"sig."
"LINC01506",3.16255273617623e-06,-0.179968395851448,0.000343568229066418,TRUE,FALSE,"sig."
"MMP9",3.14086532093977e-06,0.267109400382102,0.000343568229066418,TRUE,TRUE,"sig."
"JAML",5.4648483199287e-06,-0.235914261970827,0.000544207811859567,TRUE,FALSE,"sig."
"SOD2",6.58140032500062e-06,-0.34139942740938,0.000604982568336595,TRUE,TRUE,"sig."
"H3F3B",7.62536183961741e-06,-0.671189316011786,0.000650879099881629,TRUE,TRUE,"sig."
"FTH1",8.44167916076419e-06,-1.40230951675327,0.000672520439807547,TRUE,TRUE,"sig."
"LST1",9.45723316972952e-06,-0.571536383158486,0.000706337102364173,TRUE,TRUE,"sig."
"ZDHHC20",1.09880322356686e-05,NA,0.000772394030683761,TRUE,NA,"sig."
"CXCR2",1.21070604229518e-05,-0.29913940035236,0.000803774289190408,TRUE,TRUE,"sig."
"B2M",1.37403293547221e-05,-0.750676670435574,0.000864194398889102,TRUE,TRUE,"sig."
"FCGRT",2.85639670413115e-05,-0.129548789016273,0.00170669703071836,TRUE,FALSE,"sig."
"IL18R1",3.07730132492534e-05,0.15084645998485,0.00175113099204085,TRUE,FALSE,"sig."
"TNFRSF1A",3.25221958818377e-05,-0.103398749688336,0.00176654654903619,TRUE,FALSE,"sig."
"RP11-44F14.1",6.23226338334214e-05,-0.0947246215955712,0.00323806727960603,TRUE,FALSE,"sig."
"FPR1",6.84702446346844e-05,-0.248841539145555,0.00340924759743533,TRUE,FALSE,"sig."
"RPS14",7.91694542171591e-05,-0.109540043989995,0.0037842999115802,TRUE,FALSE,"sig."
"ITM2B",0.000100813881983929,-0.585503173951435,0.00446194773965907,TRUE,TRUE,"sig."
"TNFAIP3",0.000100326575968537,0.171145072421513,0.00446194773965907,TRUE,FALSE,"sig."
"MT-RNR1",0.000114342273524319,-0.909625297579864,0.0048799648879129,TRUE,TRUE,"sig."
"REPS2",0.000121722417887849,0.0812456931917034,0.00501580308193031,TRUE,FALSE,"sig."
"ICAM3",0.000139919080595545,-0.134202429769381,0.00557344337705588,TRUE,FALSE,"sig."
"RPL34",0.000157525942017193,-0.16380978873376,0.00594793968566617,TRUE,FALSE,"sig."
"TUBA1A",0.00015927537233583,-0.17159378003723,0.00594793968566617,TRUE,FALSE,"sig."
"UBA52",0.000165554025090532,-0.165086100390649,0.0059950624237329,TRUE,FALSE,"sig."
"IFITM2",0.000183484158945871,-1.09064819225386,0.00627274100774387,TRUE,TRUE,"sig."
"RPL37",0.000188969603580568,-0.144778792965894,0.00627274100774387,TRUE,FALSE,"sig."
"TPST1",0.000185764989773932,0.0523800269561538,0.00627274100774387,TRUE,FALSE,"sig."
"CMTM2",0.000195351987343079,-0.339914640233812,0.00630934121283729,TRUE,TRUE,"sig."
"NBPF26",0.00020603366958046,0.0628729445175512,0.00631308295252949,TRUE,FALSE,"sig."
"SAMSN1",0.000202849926356142,0.104172874455852,0.00631308295252949,TRUE,FALSE,"sig."
"TMSB4X",0.000254225446053821,-0.492263862856424,0.00759498520085792,TRUE,TRUE,"sig."
"AMPD2",0.000279439319891248,-0.0741191016741026,0.00814463383585468,TRUE,FALSE,"sig."
"COTL1",0.000294930251911533,-0.217832687528534,0.0081523425860496,TRUE,FALSE,"sig."
"LY6E",0.000313814024232871,0.178033219754402,0.0081523425860496,TRUE,FALSE,"sig."
"MAPK14",0.000308251330876472,0.124640480399709,0.0081523425860496,TRUE,FALSE,"sig."
"SLC8A1",0.000287426692310277,0.0765630213538656,0.0081523425860496,TRUE,FALSE,"sig."
"TALDO1",0.000308925236516833,-0.23824578445279,0.0081523425860496,TRUE,FALSE,"sig."
"CD74",0.000356561052078237,-0.122180306790591,0.00906575440922327,TRUE,FALSE,"sig."
"S100A11",0.000378181514278937,-0.606275555139583,0.00941514394923602,TRUE,TRUE,"sig."
"MBNL1",0.000395736583027708,0.141933854979566,0.00965112687179819,TRUE,FALSE,"sig."
"RP11-326C3.12",0.000410537706748376,0.0432234528853095,0.0098118511912862,TRUE,FALSE,"sig."
"AGTPBP1",0.000440929805864183,0.137337884120027,0.0101796364247842,TRUE,FALSE,"sig."
"APMAP",0.000444969100833825,0.0535176524115781,0.0101796364247842,TRUE,FALSE,"sig."
"SNX3",0.000451481782856538,0.0776877550093907,0.0101796364247842,TRUE,FALSE,"sig."
"AIF1",0.000500396390161568,-0.449031256125328,0.0106781015400549,TRUE,TRUE,"sig."
"RNF10",0.000498591688818088,0.0913205006166526,0.0106781015400549,TRUE,FALSE,"sig."
"USP3",0.0004960575348779,0.0724597011891403,0.0106781015400549,TRUE,FALSE,"sig."
"PSTPIP2",0.000510547988034499,0.0553639724351685,0.010703593784232,TRUE,FALSE,"sig."
"STXBP2",0.000614642648463541,0.168996358928085,0.0126637580157574,TRUE,FALSE,"sig."
"AGFG1",0.000652987364265759,0.0802523951249653,0.0131201192278643,TRUE,FALSE,"sig."
"LYN",0.000658750756210762,-0.140819800264887,0.0131201192278643,TRUE,FALSE,"sig."
"SF3B6",0.000686825676210888,-0.0416159798616894,0.0134550275913444,TRUE,FALSE,"sig."
"MAP4K4",0.000738658609433948,0.073465004308928,0.0140110640995804,TRUE,FALSE,"sig."
"MDM2",0.000729868830627502,0.0630108119076606,0.0140110640995804,TRUE,FALSE,"sig."
"LTB",0.000782328557805611,-0.138306270062086,0.0146075410402766,TRUE,FALSE,"sig."
"ACSL1",0.00083036147037852,0.238319974352885,0.0149905635640561,TRUE,FALSE,"sig."
"NEAT1",0.000840475111959631,1.05936547546203,0.0149905635640561,TRUE,TRUE,"sig."
"SAT1",0.000824769885868067,-0.51274494424571,0.0149905635640561,TRUE,TRUE,"sig."
"NDUFB1",0.000869172883557568,-0.14362235099159,0.0152744352331073,TRUE,FALSE,"sig."
"RPLP1",0.000888936233131153,-0.211196484784692,0.0153953449071265,TRUE,FALSE,"sig."
"CD163",0.000902760572462197,NA,0.0154114126298904,TRUE,NA,"sig."
"OSBPL9",0.000964193207234987,0.0469888242357481,0.0158130967554556,TRUE,FALSE,"sig."
"STK17B",0.000944940585997968,0.142321967191526,0.0158130967554556,TRUE,FALSE,"sig."
"USP15",0.000965988337362557,0.199086925690068,0.0158130967554556,TRUE,FALSE,"sig."
"FAM65B",0.00119372473520402,0.16986528304118,0.0192770413320109,TRUE,FALSE,"sig."
"ARHGDIB",0.00127787862521698,-0.155279352710575,0.0203608660951239,TRUE,FALSE,"sig."
"HLA-C",0.00130271318535709,-0.326871590710111,0.0204834507434438,TRUE,TRUE,"sig."
"CXCL8",0.00140770221660128,-0.273972304409695,0.0215790050783665,TRUE,TRUE,"sig."
"NFKBIA",0.00142193655491984,0.272560070006127,0.0215790050783665,TRUE,TRUE,"sig."
"PCNX1",0.0014265618420008,0.108190988421691,0.0215790050783665,TRUE,FALSE,"sig."
"HIST1H1E",0.00144601621236637,0.0538980422787522,0.0215998671722226,TRUE,FALSE,"sig."
"CBL",0.00155272215279733,0.0525666047577556,0.0220315887879482,TRUE,FALSE,"sig."
"COX6B1",0.00156710045772016,-0.120502421081278,0.0220315887879482,TRUE,FALSE,"sig."
"NDUFA3",0.00151747724527096,-0.0643147934280296,0.0220315887879482,TRUE,FALSE,"sig."
"RNASET2",0.00149972391349693,-0.186344602511135,0.0220315887879482,TRUE,FALSE,"sig."
"TOB1",0.00155107026921645,0.0509575683976116,0.0220315887879482,TRUE,FALSE,"sig."
"DGKD",0.00167591738285621,0.0567053499452106,0.0231488777220159,TRUE,FALSE,"sig."
"EMB",0.00168531578394593,0.0808009371955121,0.0231488777220159,TRUE,FALSE,"sig."
"SPPL2A",0.00175925157123489,0.0484151121057083,0.0238898366775647,TRUE,FALSE,"sig."
"CEP63",0.00177960049812809,-0.040492146454844,0.0238946359018322,TRUE,FALSE,"sig."
"IGSF6",0.00189749331775401,-0.168354514606479,0.0249176320298466,TRUE,FALSE,"sig."
"MACF1",0.00187955644613196,0.0582646297605142,0.0249176320298466,TRUE,FALSE,"sig."
"ARF5",0.00194533081116059,-0.0643382778107492,0.0249964550466334,TRUE,FALSE,"sig."
"PFDN5",0.00193300721715038,-0.0911653694502162,0.0249964550466334,TRUE,FALSE,"sig."
"CA4",0.00200564112793579,0.0562987871259857,0.025228854188245,TRUE,FALSE,"sig."
"IL17RA",0.00198973779641667,0.182383021199026,0.025228854188245,TRUE,FALSE,"sig."
"ATP5I",0.00213206502457865,-0.102971371136959,0.0256741061013541,TRUE,FALSE,"sig."
"COX5B",0.00214744624045045,-0.103588176016688,0.0256741061013541,TRUE,FALSE,"sig."
"H3F3A",0.00216911802496865,-0.639361544894985,0.0256741061013541,TRUE,TRUE,"sig."
"LINC00936",0.00216994536923579,-0.0728554289505245,0.0256741061013541,TRUE,FALSE,"sig."
"PGS1",0.00210936575730283,0.0974785921116407,0.0256741061013541,TRUE,FALSE,"sig."
"PSMB9",0.0020799702811181,-0.1810344287887,0.0256741061013541,TRUE,FALSE,"sig."
"GABARAP",0.00221767099462095,-0.326380380737499,0.0259815376330591,TRUE,TRUE,"sig."
"NORAD",0.00225272695925356,0.0477901967989892,0.0261360069544467,TRUE,FALSE,"sig."
"ETS2",0.00232927035261885,0.0780438008186444,0.0262592270884861,TRUE,FALSE,"sig."
"H3F3AP4",0.00230812247960169,-0.109976820615423,0.0262592270884861,TRUE,FALSE,"sig."
"NAIP",0.00232354415574142,0.137134777067912,0.0262592270884861,TRUE,FALSE,"sig."
"CYB5R4",0.0023571591932689,0.0875062828421063,0.0263252825790312,TRUE,FALSE,"sig."
"CKAP4",0.00250774508064812,0.0631232507141894,0.0271454867075359,TRUE,FALSE,"sig."
"MCEMP1",0.00247315670541084,0.037357617378835,0.0271454867075359,TRUE,FALSE,"sig."
"RAC1",0.00260352013831123,-0.139336598862816,0.0271454867075359,TRUE,FALSE,"sig."
"RNF144B",0.00259577221092754,0.104229567868115,0.0271454867075359,TRUE,FALSE,"sig."
"RPL41",0.00255088469672636,-0.286837395498274,0.0271454867075359,TRUE,TRUE,"sig."
"RPS27",0.00261232717269174,-0.086646785987896,0.0271454867075359,TRUE,FALSE,"sig."
"RPS9",0.00253239846175871,-0.210063252637172,0.0271454867075359,TRUE,FALSE,"sig."
"TUBA1B",0.00251973823163981,-0.0355325695270501,0.0271454867075359,TRUE,FALSE,"sig."
"CTSS",0.00264941261545872,-0.200062459538018,0.02729351789201,TRUE,FALSE,"sig."
"CKLF",0.00271612474674809,-0.147713980715332,0.0273534601154409,TRUE,FALSE,"sig."
"CYP4F3",0.00281499275495166,-0.085200153294648,0.0273534601154409,TRUE,FALSE,"sig."
"HSPA6",0.00281546074828388,-0.0943836676826608,0.0273534601154409,TRUE,FALSE,"sig."
"RN7SK",0.00280550928738801,0.255715387912184,0.0273534601154409,TRUE,TRUE,"sig."
"SPTLC2",0.00273689462103088,0.0751859440907972,0.0273534601154409,TRUE,FALSE,"sig."
"UBC",0.00269095088096946,-0.162452595241215,0.0273534601154409,TRUE,FALSE,"sig."
"UTY",0.00278763573628435,NA,0.0273534601154409,TRUE,NA,"sig."
"CLEC4D",0.00305873708510235,0.0354657986554683,0.029477345295946,TRUE,FALSE,"sig."
"MGAM",0.00320907772435852,0.075743212471981,0.0306787830448674,TRUE,FALSE,"sig."
"DDX17",0.00329734428230156,0.0964430565124669,0.0312724318837331,TRUE,FALSE,"sig."
"LAMTOR4",0.00348871676558116,-0.288997819012895,0.0326944889172595,TRUE,TRUE,"sig."
"NAPA",0.00352543079331232,0.0658545938854309,0.0326944889172595,TRUE,FALSE,"sig."
"RPS3",0.00354737582808761,-0.151607045029005,0.0326944889172595,TRUE,FALSE,"sig."
"RPS4X",0.00355672264371861,-0.0748378480551105,0.0326944889172595,TRUE,FALSE,"sig."
"HMGB2",0.00358865366027603,0.0905756264248727,0.0327361917864875,TRUE,FALSE,"sig."
"ARPC3",0.00362340447820777,-0.196021746097016,0.0328027905413506,TRUE,FALSE,"sig."
"RPL35A",0.0036617310883572,-0.0712843553419533,0.0328977595791161,TRUE,FALSE,"sig."
"TRIM22",0.00368895379380883,0.110696216252318,0.0328977595791161,TRUE,FALSE,"sig."
"PPP1R12A",0.00380002571923112,0.078714639698729,0.0336372646998606,TRUE,FALSE,"sig."
"H2AFZ",0.00396937038275929,-0.122938584061983,0.0346233401999807,TRUE,FALSE,"sig."
"SLC40A1",0.00396512972393538,0.0420837406055417,0.0346233401999807,TRUE,FALSE,"sig."
"PILRA",0.00401571110525943,-0.0640590285535681,0.0347737302230798,TRUE,FALSE,"sig."
"E2F3",0.00433808905016761,0.0401091568999908,0.0350271379388533,TRUE,FALSE,"sig."
"ERGIC1",0.00432148401521789,0.120075248493811,0.0350271379388533,TRUE,FALSE,"sig."
"GSR",0.00423773918671707,0.0412507494483817,0.0350271379388533,TRUE,FALSE,"sig."
"IFI44L",0.00423555087532363,0.0749248798349364,0.0350271379388533,TRUE,FALSE,"sig."
"JAK3",0.0042889629841463,0.054471966226423,0.0350271379388533,TRUE,FALSE,"sig."
"RPL10",0.00423864010705616,-0.0909221664995049,0.0350271379388533,TRUE,FALSE,"sig."
"RPL36AL",0.00415640199878939,-0.0762185377401109,0.0350271379388533,TRUE,FALSE,"sig."
"RSRC2",0.00423992868786242,0.0175894425685307,0.0350271379388533,TRUE,FALSE,"sig."
"S100A4",0.00425551087781325,-0.395812510362367,0.0350271379388533,TRUE,TRUE,"sig."
"SLC2A3",0.00416643557716674,0.162990452199288,0.0350271379388533,TRUE,FALSE,"sig."
"SERPINB1",0.00451654589048562,0.120524331180017,0.0362233042894652,TRUE,FALSE,"sig."
"TAGAP",0.00462256310455983,-0.0559725589711142,0.03682641939966,TRUE,FALSE,"sig."
"RPL30",0.00491283997661549,-0.230746351600434,0.0388797600798378,TRUE,FALSE,"sig."
"DENND3",0.0049511909109028,0.0589152378183075,0.0389254811745319,TRUE,FALSE,"sig."
"JUNB",0.00500319366577765,-0.200043730974248,0.0390772315725771,TRUE,FALSE,"sig."
"BCL6",0.00514331922550111,0.131149776564952,0.039910821262817,TRUE,FALSE,"sig."
"CNBP",0.00518044466817393,-0.0854344297820318,0.0399395572804377,TRUE,FALSE,"sig."
"AC090498.1",0.00538232932750275,0.0727745440876659,0.041230022733114,TRUE,FALSE,"sig."
"CLU",0.00548857682413129,0.0628129881158083,0.041511704460993,TRUE,FALSE,"sig."
"TMEM50A",0.00545914133219989,-0.0799010913126769,0.041511704460993,TRUE,FALSE,"sig."
"UQCR11",0.00571377693006921,-0.120782529314958,0.0429431662354258,TRUE,FALSE,"sig."
"USMG5",0.00597280153863002,-0.0361208737625872,0.0446093614916429,TRUE,FALSE,"sig."
"ALPL",0.00615445404997462,0.130525904153019,0.0454891058224571,TRUE,FALSE,"sig."
"CTC-510F12.4",0.00636597887075617,-0.0597128419693927,0.0454891058224571,TRUE,FALSE,"sig."
"KIAA1109",0.00634973774127162,0.0830509461929999,0.0454891058224571,TRUE,FALSE,"sig."
"MGEA5",0.00639512115328267,0.0559787298188313,0.0454891058224571,TRUE,FALSE,"sig."
"RGS2",0.00626359126233883,-0.378370430955827,0.0454891058224571,TRUE,TRUE,"sig."
"RPL6",0.00623597980013336,-0.0541471282863128,0.0454891058224571,TRUE,FALSE,"sig."
"RPS11",0.00625984361066615,-0.0651570377901903,0.0454891058224571,TRUE,FALSE,"sig."
"RPS3A",0.00637914037302365,-0.0647776024918907,0.0454891058224571,TRUE,FALSE,"sig."
"BID",0.00661729419019995,-0.0586790022570443,0.0467909263744908,TRUE,FALSE,"sig."
"ABTB1",0.00684166757575339,-0.112053677140465,0.0480928985472076,TRUE,FALSE,"sig."
"RALGAPA2",0.00694323783830875,0.0442140999259165,0.0485214574080641,TRUE,FALSE,"sig."
"STOM",0.00708871480440508,0.0385698377589762,0.0492500825073492,TRUE,FALSE,"sig."
"NCOA4",0.00716928182680053,-0.115267136231811,0.0494415482530879,TRUE,FALSE,"sig."
"TMEM91",0.00719902041509398,0.0809854398967897,0.0494415482530879,TRUE,FALSE,"sig."
"EIF1",0.00764817053877848,-0.137232031929887,0.0516359536375157,FALSE,FALSE,"NS"
"RPS23",0.00757816356079283,-0.0527867726643815,0.0516359536375157,FALSE,FALSE,"NS"
"SF1",0.00761058271533931,0.098858434197444,0.0516359536375157,FALSE,FALSE,"NS"
"LIMD2",0.00769276141014664,-0.0702813151776904,0.0516452240737373,FALSE,FALSE,"NS"
"CAB39",0.00775368965544827,0.0374387931766067,0.0517396476435357,FALSE,FALSE,"NS"
"CH17-296N19.1",0.00780517730779876,0.0503168165588513,0.0517396476435357,FALSE,FALSE,"NS"
"NIN",0.00783671650500415,0.0607270346716995,0.0517396476435357,FALSE,FALSE,"NS"
"PADI4",0.00798652183036069,0.0542168474016462,0.0524389757542914,FALSE,FALSE,"NS"
"ZNF281",0.00806079770038013,0.0454762865645016,0.0526374494642309,FALSE,FALSE,"NS"
"ISG20",0.00819922852633556,-0.0645217188484431,0.0529150391315339,FALSE,FALSE,"NS"
"PAG1",0.00823614835018018,0.0885486005121329,0.0529150391315339,FALSE,FALSE,"NS"
"RPL32",0.00820003232151352,-0.0691587806549041,0.0529150391315339,FALSE,FALSE,"NS"
"CFP",0.00848927086186977,-0.0252583638020658,0.0533930456838651,FALSE,FALSE,"NS"
"ECE1",0.0083655007315033,0.0637161073286945,0.0533930456838651,FALSE,FALSE,"NS"
"TMA7",0.0084454893687721,-0.185513191054944,0.0533930456838651,FALSE,FALSE,"NS"
"VPS28",0.00840704699677821,-0.0504848653326259,0.0533930456838651,FALSE,FALSE,"NS"
"KDM4B",0.00873018750675221,0.0551585384285224,0.0546208066521932,FALSE,FALSE,"NS"
"MYL6",0.00881676184505242,-0.315453922861335,0.0548751583585294,FALSE,TRUE,"NS"
"TNFAIP2",0.00919511635263532,-0.0943432804684465,0.0566601223388336,FALSE,FALSE,"NS"
"WSB1",0.00919837969350102,0.114327751791147,0.0566601223388336,FALSE,FALSE,"NS"
"ACTR3",0.00931272662300831,-0.0699871049232876,0.0570255830599006,FALSE,FALSE,"NS"
"COX4I1",0.00935315002488745,-0.0590389921105102,0.0570255830599006,FALSE,FALSE,"NS"
"NLRC5",0.00945751900141227,0.0398878047366444,0.0573692142471455,FALSE,FALSE,"NS"
"CYBA",0.00976393134120641,-0.223979301136075,0.0589287775390993,FALSE,FALSE,"NS"
"TPM3",0.00993544437772543,0.0963735763572841,0.059662593122522,FALSE,FALSE,"NS"
"SLC25A37",0.0100055942336479,0.326351983321696,0.0597834255460463,FALSE,TRUE,"NS"
"CAMKK2",0.0103540177446566,0.0360575606222707,0.0615574686809188,FALSE,FALSE,"NS"
"ARG1",0.0104823661105932,0.0617478185493065,0.06201201733742,FALSE,FALSE,"NS"
"HN1",0.0105754467862634,-0.120693902147623,0.0622544773871172,FALSE,FALSE,"NS"
"C15orf39",0.0106510088849214,-0.0527026319483792,0.0622945085571404,FALSE,FALSE,"NS"
"CST7",0.0107386349479255,0.152268073729377,0.0622945085571404,FALSE,FALSE,"NS"
"IFNGR1",0.0107266641017414,0.0535941441744625,0.0622945085571404,FALSE,FALSE,"NS"
"CSGALNACT2",0.0108959524593669,0.0639491467006736,0.062837837453467,FALSE,FALSE,"NS"
"PRAM1",0.0110426325232034,0.0417494294040696,0.062837837453467,FALSE,FALSE,"NS"
"TMEM43",0.0109569655962818,0.0383046744975981,0.062837837453467,FALSE,FALSE,"NS"
"TPT1",0.0110414541347882,-0.1257584606711,0.062837837453467,FALSE,FALSE,"NS"
"ANXA1",0.011522472993076,0.0701373510328682,0.0644279444513616,FALSE,FALSE,"NS"
"ARPC2",0.0114654743116928,-0.136298591753583,0.0644279444513616,FALSE,FALSE,"NS"
"DPYD",0.0115916385414584,0.0694351694861207,0.0644279444513616,FALSE,FALSE,"NS"
"FGD4",0.01158324620767,0.0419423691970898,0.0644279444513616,FALSE,FALSE,"NS"
"RIN3",0.0114746432899531,0.0491230942534201,0.0644279444513616,FALSE,FALSE,"NS"
"MECP2",0.0116887453883113,0.0791291223316048,0.0646669015695926,FALSE,FALSE,"NS"
"TRIM25",0.0117753493645863,0.0445527456152856,0.0648458179294036,FALSE,FALSE,"NS"
"OGFRL1",0.0118838569484759,-0.0569083823563692,0.0651431607955447,FALSE,FALSE,"NS"
"SRPK1",0.0119445069290169,0.044515261370839,0.06517664739806,FALSE,FALSE,"NS"
"LRP10",0.0120040076860461,-0.0673024881010173,0.0652035872037502,FALSE,FALSE,"NS"
"LITAF",0.0122203258218277,-0.199523755690378,0.0660782323849959,FALSE,FALSE,"NS"
"CSF2RB",0.0123165736226839,-0.0763873751179509,0.0662986733293121,FALSE,FALSE,"NS"
"MYH9",0.0124600474294287,0.106057405011422,0.0664721280275323,FALSE,FALSE,"NS"
"RPS25",0.0124124489728563,-0.0767519709004798,0.0664721280275323,FALSE,FALSE,"NS"
"RPS13",0.0125340891790763,-0.0613799930956146,0.0665699403066495,FALSE,FALSE,"NS"
"RC3H1",0.0126458037203308,0.0707257557611674,0.0668660860433421,FALSE,FALSE,"NS"
"APOBR",0.0130051512683929,0.060106585682471,0.0684088339151431,FALSE,FALSE,"NS"
"IDI1",0.013095775416027,0.0413295445855953,0.0684088339151431,FALSE,FALSE,"NS"
"UBB",0.013109307921814,-0.0585065506843192,0.0684088339151431,FALSE,FALSE,"NS"
"ANXA3",0.0136140172540293,0.0726020865570016,0.0704274918552599,FALSE,FALSE,"NS"
"SNX27",0.0135987535443483,0.0388025134069719,0.0704274918552599,FALSE,FALSE,"NS"
"CNPY3",0.0140721478176559,-0.0780555987977729,0.0717275185311838,FALSE,FALSE,"NS"
"CPPED1",0.0140166789792462,-0.0877506545940263,0.0717275185311838,FALSE,FALSE,"NS"
"EEF1D",0.0141054115939985,-0.12895215678857,0.0717275185311838,FALSE,FALSE,"NS"
"PTGS2",0.0140660606127494,-0.096307020352385,0.0717275185311838,FALSE,FALSE,"NS"
"IL4R",0.014658428319942,0.0498012878229714,0.0742238213658078,FALSE,FALSE,"NS"
"DAZAP2",0.0151875299029528,-0.107580758313021,0.0765646355184132,FALSE,FALSE,"NS"
"IQSEC1",0.015248856278981,0.0421713053398324,0.0765646355184132,FALSE,FALSE,"NS"
"ADAM17",0.0156284895790427,0.0380259150052231,0.0765774238480215,FALSE,FALSE,"NS"
"CDC42EP3",0.0155400806673974,0.130688717559643,0.0765774238480215,FALSE,FALSE,"NS"
"CST3",0.0156228771023415,-0.103279318305658,0.0765774238480215,FALSE,FALSE,"NS"
"MMP25",0.0156999739270002,0.0740613547728895,0.0765774238480215,FALSE,FALSE,"NS"
"PECAM1",0.0155277469429018,-0.101790460003256,0.0765774238480215,FALSE,FALSE,"NS"
"RPL12",0.0156808007229277,-0.0556843013951481,0.0765774238480215,FALSE,FALSE,"NS"
"YY1",0.0155871902681893,0.0233192811248439,0.0765774238480215,FALSE,FALSE,"NS"
"NOP10",0.01577995984677,-0.110678264306949,0.0766546829954883,FALSE,FALSE,"NS"
"STX16",0.015870460816495,0.0463408257180798,0.076782188970492,FALSE,FALSE,"NS"
"EXOC6",0.0161003015402239,0.0402021260032224,0.0775800820184178,FALSE,FALSE,"NS"
"ASPH",0.0162077938786238,0.0614673203801642,0.0777843923090582,FALSE,FALSE,"NS"
"KIF1B",0.0164841429988859,0.0404782316474514,0.0787942035346744,FALSE,FALSE,"NS"
"RPL8",0.0166423351873284,-0.070756210515425,0.0790555248828974,FALSE,FALSE,"NS"
"TMBIM6",0.0166711232389039,-0.0675287484877319,0.0790555248828974,FALSE,FALSE,"NS"
"HCLS1",0.016958535884038,-0.10207132067925,0.0791619155524431,FALSE,FALSE,"NS"
"ITGAM",0.016835335442957,0.0426025422364023,0.0791619155524431,FALSE,FALSE,"NS"
"NINJ1",0.0168578059503037,-0.0645522970719671,0.0791619155524431,FALSE,FALSE,"NS"
"REL",0.0169259446201811,0.0512311409275549,0.0791619155524431,FALSE,FALSE,"NS"
"C17orf62",0.0173102285103504,0.0687233914944796,0.0801772212010417,FALSE,FALSE,"NS"
"RPL11",0.017297780199057,-0.0979510073898578,0.0801772212010417,FALSE,FALSE,"NS"
"GRINA",0.017607762087822,0.066250417113761,0.081240446698638,FALSE,FALSE,"NS"
"GNG10",0.0177456775716093,-0.051346899757521,0.081561864223358,FALSE,FALSE,"NS"
"LAMTOR1",0.018445568518479,-0.0362571896310448,0.0841315052655816,FALSE,FALSE,"NS"
"PTAFR",0.0184165017946238,-0.0700261688785018,0.0841315052655816,FALSE,FALSE,"NS"
"RPS27A",0.0186085393348531,-0.0863066220647543,0.0845521083845989,FALSE,FALSE,"NS"
"SOS2",0.0189097722721288,0.0404042171328015,0.0855953707014922,FALSE,FALSE,"NS"
"IL6R",0.0190198893442883,0.0266303440898486,0.0857689349676398,FALSE,FALSE,"NS"
"CIRBP",0.0194160110250571,-0.0419460354347263,0.0872260645674556,FALSE,FALSE,"NS"
"CELF2",0.020147595062813,0.141088768510419,0.089668292530586,FALSE,FALSE,"NS"
"NPC2",0.0201847453478892,-0.0531984123885408,0.089668292530586,FALSE,FALSE,"NS"
"PHF3",0.0201331460352971,0.0468860772506612,0.089668292530586,FALSE,FALSE,"NS"
"FAM160B1",0.0202978228674439,0.0278181326805544,0.0898366604688721,FALSE,FALSE,"NS"
"LPGAT1",0.0205059370348925,0.069524450292295,0.0904228588807992,FALSE,FALSE,"NS"
"SULT1B1",0.020823170605028,0.0525247624507882,0.0914841502684134,FALSE,FALSE,"NS"
"KIAA1033",0.02114055166708,0.0391481428198543,0.0925383122423463,FALSE,FALSE,"NS"
"LBR",0.0214463630811316,0.0706164357737543,0.0935343207370522,FALSE,FALSE,"NS"
"HCK",0.021852041986925,-0.0885281303044283,0.0943444179086829,FALSE,FALSE,"NS"
"IGF2R",0.022045357963376,0.0408824677941477,0.0943444179086829,FALSE,FALSE,"NS"
"MSL3",0.0221058050329968,0.059323677105985,0.0943444179086829,FALSE,FALSE,"NS"
"MYADM",0.0220869601963492,0.057927974483537,0.0943444179086829,FALSE,FALSE,"NS"
"PDZD8",0.0219457649405808,0.0389323983286027,0.0943444179086829,FALSE,FALSE,"NS"
"RP11-463O12.5",0.0219597253263465,0.0617247371907875,0.0943444179086829,FALSE,FALSE,"NS"
"GYG1",0.0226929855185464,0.0609102462151357,0.0965057569205088,FALSE,FALSE,"NS"
"SRSF4",0.0230673911043424,0.00816745255621732,0.0977501147861318,FALSE,FALSE,"NS"
"COX8A",0.0234642544651707,-0.0721521659391317,0.0987255215547951,FALSE,FALSE,"NS"
"MCTP2",0.02353037451751,0.0779099700210674,0.0987255215547951,FALSE,FALSE,"NS"
"SP100",0.0235454172745746,0.0638517331777732,0.0987255215547951,FALSE,FALSE,"NS"
"CXCR4",0.0236431279635735,-0.0902916275634986,0.0987885941135328,FALSE,FALSE,"NS"
"HIF1A",0.0237529828630524,0.166620428696252,0.0989017927573087,FALSE,FALSE,"NS"
"SLA",0.023841159190528,0.0711671498664117,0.0989242542801424,FALSE,FALSE,"NS"
"ATP5L",0.0248394387463432,-0.0813317757900098,0.0993691173146554,FALSE,FALSE,"NS"
"COMMD6",0.02527765197191,-0.0529502627356076,0.0993691173146554,FALSE,FALSE,"NS"
"CORO1A",0.0249601467609925,-0.11022042896016,0.0993691173146554,FALSE,FALSE,"NS"
"FAU",0.024435377962584,-0.260248686415922,0.0993691173146554,FALSE,TRUE,"NS"
"GAS7",0.0245149869989025,0.0816836332185068,0.0993691173146554,FALSE,FALSE,"NS"
"HBA1",0.024910257385296,0.0533845911969586,0.0993691173146554,FALSE,FALSE,"NS"
"ISCU",0.0251940506311034,-0.0457514668372363,0.0993691173146554,FALSE,FALSE,"NS"
"KMT2C",0.0244027809574296,0.052416512518725,0.0993691173146554,FALSE,FALSE,"NS"
"NUP98",0.02450584414799,0.0394575114571741,0.0993691173146554,FALSE,FALSE,"NS"
"RPL3",0.0249954002163229,-0.0496946090256311,0.0993691173146554,FALSE,FALSE,"NS"
"SH3BGRL3",0.0249386242330135,-0.197157990282988,0.0993691173146554,FALSE,FALSE,"NS"
"SH3GLB1",0.0243866285190408,0.123670316220828,0.0993691173146554,FALSE,FALSE,"NS"
"SLC9A3R1",0.0248447523214298,-0.00876122129335352,0.0993691173146554,FALSE,FALSE,"NS"
"SPAG9",0.0252788382122638,0.058361295174666,0.0993691173146554,FALSE,FALSE,"NS"
"TAOK3",0.0244705208931854,0.0645573747624877,0.0993691173146554,FALSE,FALSE,"NS"
"TSEN34",0.0251366182079781,-0.0834336187906217,0.0993691173146554,FALSE,FALSE,"NS"
"P2RX1",0.0258173869974739,0.0489395629129614,0.101153368727807,FALSE,FALSE,"NS"
"ATP11B",0.0260938875768029,0.0456599400263979,0.101570669883646,FALSE,FALSE,"NS"
"KIAA1551",0.0260763867655477,0.0840220853419633,0.101570669883646,FALSE,FALSE,"NS"
"XAF1",0.0263559184598759,0.0459988257789225,0.102257540777765,FALSE,FALSE,"NS"
"ZDHHC19",0.0265043071235599,0.0433637418304244,0.102500475769107,FALSE,FALSE,"NS"
"LYSMD2",0.0267682808514848,-0.0372498110750045,0.10298420389559,FALSE,FALSE,"NS"
"PLSCR1",0.0268017467878899,0.0718356493950326,0.10298420389559,FALSE,FALSE,"NS"
"CRISPLD2",0.0273535649819237,0.0601668824970715,0.104432939787217,FALSE,FALSE,"NS"
"UBE2J1",0.0273363537180529,0.0493806649528996,0.104432939787217,FALSE,FALSE,"NS"
"FCGR3A",0.0275351937508014,-0.0613595800609381,0.104791581312763,FALSE,FALSE,"NS"
"UQCRB",0.0282588803072818,-0.0316492544617318,0.107204323705402,FALSE,FALSE,"NS"
"ARGLU1",0.0287206327855531,0.052161648745067,0.108343477972068,FALSE,FALSE,"NS"
"FMNL1",0.0287404874620465,0.0861728310965312,0.108343477972068,FALSE,FALSE,"NS"
"RAB11FIP1",0.0298167484869989,-0.0387284509590053,0.112047215226301,FALSE,FALSE,"NS"
"ATP6V0D1",0.0300619795797248,-0.047848369230438,0.112614625698342,FALSE,FALSE,"NS"
"ZC3HAV1",0.0303505384069497,0.0416392771040651,0.113340291863453,FALSE,FALSE,"NS"
"SLC11A1",0.0305031051516867,0.158768610056367,0.113555173384005,FALSE,FALSE,"NS"
"BTG1",0.0308264510702496,-0.0916762618438741,0.11437769653145,FALSE,FALSE,"NS"
"PRR13",0.0309154778072455,-0.0664794950913882,0.11437769653145,FALSE,FALSE,"NS"
"CMTM6",0.0312475284761144,-0.0565969453374904,0.115019928841047,FALSE,FALSE,"NS"
"CNN2",0.0312815706053056,-0.0646105064894193,0.115019928841047,FALSE,FALSE,"NS"
"ARF1",0.0315686219713966,-0.0440438396725105,0.115221082267051,FALSE,FALSE,"NS"
"HPCAL1",0.0320112128139422,0.0343290568570138,0.115221082267051,FALSE,FALSE,"NS"
"MLF2",0.0319929131882398,-0.031075349761289,0.115221082267051,FALSE,FALSE,"NS"
"MNDA",0.0316316386513944,-0.369859706269174,0.115221082267051,FALSE,TRUE,"NS"
"RNF24",0.0317885077129844,0.0928913219679234,0.115221082267051,FALSE,FALSE,"NS"
"RPL39",0.0318835308890049,-0.0939946036707332,0.115221082267051,FALSE,FALSE,"NS"
"SELK",0.0320042859171444,-0.0385516079313592,0.115221082267051,FALSE,FALSE,"NS"
"WDFY3",0.0321914692759001,0.0416061205174886,0.115521939293395,FALSE,FALSE,"NS"
"ITPRIP",0.0324956841120569,0.0597602631000435,0.116264498544635,FALSE,FALSE,"NS"
"FOS",0.0326395179151466,-0.208112975373691,0.11643051913015,FALSE,FALSE,"NS"
"BTF3",0.0328530194916915,-0.0421205909719425,0.1168433282517,FALSE,FALSE,"NS"
"CYTH4",0.0336306288844206,-0.0860231546046723,0.119254010435853,FALSE,FALSE,"NS"
"ZFP36L2",0.0338359825509043,0.0809045637534121,0.119627216415179,FALSE,FALSE,"NS"
"PPP1CA",0.0340377770235604,-0.0356308761404314,0.119985674168598,FALSE,FALSE,"NS"
"RPS6KA3",0.0341859899006386,0.0452482609928025,0.120153699797833,FALSE,FALSE,"NS"
"C7orf73",0.0346311355852769,0.00920409041888606,0.121361310922011,FALSE,FALSE,"NS"
"PLBD1",0.0350272848961234,0.0559524580531379,0.121679085612987,FALSE,FALSE,"NS"
"RBM5",0.0350169686478899,0.0465748693856738,0.121679085612987,FALSE,FALSE,"NS"
"UQCR10",0.0349159244990517,-0.0446220604264642,0.121679085612987,FALSE,FALSE,"NS"
"ZFP36L1",0.0355090238561597,-0.14386121433397,0.122995024661191,FALSE,FALSE,"NS"
"EPSTI1",0.0362912859907506,0.0442081573982944,0.125341291210829,FALSE,FALSE,"NS"
"HLA-A",0.0365290078167434,-0.239150414157408,0.125382044234944,FALSE,FALSE,"NS"
"PFN1",0.0365669400947882,-0.170459703963517,0.125382044234944,FALSE,FALSE,"NS"
"RNF213",0.0366178522493686,0.109618748685289,0.125382044234944,FALSE,FALSE,"NS"
"CTSD",0.0367649853103425,0.0624250161008211,0.12546411297535,FALSE,FALSE,"NS"
"PRKCB",0.0368518022212116,0.0447675246948111,0.12546411297535,FALSE,FALSE,"NS"
"VIM",0.0370417180057784,0.126211133764327,0.125752423343481,FALSE,FALSE,"NS"
"GMFG",0.0373963077546258,-0.146269267661116,0.126530375166154,FALSE,FALSE,"NS"
"SSH2",0.0374826383337393,0.0851619682279345,0.126530375166154,FALSE,FALSE,"NS"
"MEF2A",0.0379520557261734,0.0441599278773004,0.127754103078246,FALSE,FALSE,"NS"
"PAFAH1B1",0.0387615413626316,0.0297811854012436,0.129748016606008,FALSE,FALSE,"NS"
"UPP1",0.0387019434028244,0.0462427343160226,0.129748016606008,FALSE,FALSE,"NS"
"NCOA2",0.0389500274880369,0.0313137872367075,0.130014756559229,FALSE,FALSE,"NS"
"AC074289.1",0.0391452187654063,-0.0355074571573752,0.130302329873706,FALSE,FALSE,"NS"
"SHISA5",0.0393156915112945,-0.0248507247033449,0.130506253766658,FALSE,FALSE,"NS"
"SUPT4H1",0.0404170123092507,-0.00769572914749213,0.133790387007076,FALSE,FALSE,"NS"
"NBPF14",0.0406550089544913,0.0328223673443062,0.13420645221165,FALSE,FALSE,"NS"
"AHCTF1",0.0421887837423393,0.030545408263829,0.136728173629261,FALSE,FALSE,"NS"
"DYSF",0.04176575624263,0.0878390916340653,0.136728173629261,FALSE,FALSE,"NS"
"IER2",0.0424348359107877,-0.0866516065960968,0.136728173629261,FALSE,FALSE,"NS"
"LRRK2",0.0421263705939567,0.0848750443870378,0.136728173629261,FALSE,FALSE,"NS"
"MED13L",0.0416273926106042,0.0220609795075385,0.136728173629261,FALSE,FALSE,"NS"
"MEGF9",0.042448663110005,0.0609646163156936,0.136728173629261,FALSE,FALSE,"NS"
"MTMR3",0.0418767493852986,0.0161580105822326,0.136728173629261,FALSE,FALSE,"NS"
"NCOA1",0.0423401123441887,-0.034448893484591,0.136728173629261,FALSE,FALSE,"NS"
"XRN1",0.0423689048958024,0.0375597938900085,0.136728173629261,FALSE,FALSE,"NS"
"MX1",0.0430776453449639,0.0388511285301949,0.138223589268311,FALSE,FALSE,"NS"
"ZNF106",0.0431442667757992,0.0532871570909042,0.138223589268311,FALSE,FALSE,"NS"
"PCBP1",0.0432731787583214,-0.0904538879258437,0.138265905390893,FALSE,FALSE,"NS"
"MVP",0.0434081415046791,-0.000139525461607337,0.138327277594911,FALSE,FALSE,"NS"
"MBOAT7",0.0438416255794117,-0.0695366315062166,0.138648127448815,FALSE,FALSE,"NS"
"MT-CO1",0.043866873633692,0.244889466770959,0.138648127448815,FALSE,FALSE,"NS"
"NRDC",0.0439729207557331,0.0492641523530573,0.138648127448815,FALSE,FALSE,"NS"
"TIMP1",0.0438405686052134,0.0425300330838968,0.138648127448815,FALSE,FALSE,"NS"
"HBB",0.0442485435034088,0.142708010523721,0.13884709735293,FALSE,FALSE,"NS"
"TMEM165",0.0442684050974615,0.027185827101681,0.13884709735293,FALSE,FALSE,"NS"
"HERC5",0.044560833609786,0.0496512505638996,0.139398419276687,FALSE,FALSE,"NS"
"CFLAR",0.0448045312525754,0.176487227495715,0.139794816832448,FALSE,FALSE,"NS"
"MTF1",0.0449790830158842,0.0502092703574601,0.139973969281202,FALSE,FALSE,"NS"
"G0S2",0.045249877450133,-0.11700763001443,0.140210941486473,FALSE,FALSE,"NS"
"ZC3H11A",0.0452898940701075,0.0355677044973986,0.140210941486473,FALSE,FALSE,"NS"
"STAT6",0.0458688678044281,0.040865909652735,0.141636426424526,FALSE,FALSE,"NS"
"HNRNPC",0.0464404153570265,-0.0615848818609869,0.143031691627955,FALSE,FALSE,"NS"
"ACTG1",0.0468729808270094,0.0755982027821419,0.143296515560354,FALSE,FALSE,"NS"
"DEDD2",0.0474215835931121,-0.031310127568515,0.143296515560354,FALSE,FALSE,"NS"
"GIMAP4",0.0474857072484519,-0.0468015173529529,0.143296515560354,FALSE,FALSE,"NS"
"MALAT1",0.0469513884825033,0.60046370419399,0.143296515560354,FALSE,TRUE,"NS"
"MAP3K2",0.0473789119366184,0.0476671443524995,0.143296515560354,FALSE,FALSE,"NS"
"ODF3B",0.0474223427498292,0.0158530101854418,0.143296515560354,FALSE,FALSE,"NS"
"RPLP2",0.0472523934502777,-0.0385416662230144,0.143296515560354,FALSE,FALSE,"NS"
"VNN1",0.0474423802697535,0.0412112505849532,0.143296515560354,FALSE,FALSE,"NS"
"GLT1D1",0.0478354411740218,0.0333612905262684,0.143911361600458,FALSE,FALSE,"NS"
"STAT5B",0.0479303112276002,0.0383287614934632,0.143911361600458,FALSE,FALSE,"NS"
"DCP2",0.0480834642485056,0.0345766302823903,0.144009372874597,FALSE,FALSE,"NS"
"STK17A",0.0487788597080439,0.0775361481854664,0.145726843377781,FALSE,FALSE,"NS"
"EIF3K",0.0490799925745588,-0.0425319758264867,0.145896992852233,FALSE,FALSE,"NS"
"PFKFB3",0.0490696287697399,0.0411077357805214,0.145896992852233,FALSE,FALSE,"NS"
"GPSM3",0.0492556464827866,-0.0853971904935644,0.146026302486147,FALSE,FALSE,"NS"
"TNIP1",0.0493678880371578,0.0396114362458081,0.146026302486147,FALSE,FALSE,"NS"
"METTL9",0.0497381063202579,0.0178875996496073,0.146758116179526,FALSE,FALSE,"NS"
"SLC6A6",0.0499796993382693,0.080555772683097,0.147107735737024,FALSE,FALSE,"NS"
"LSP1",0.0506832949218732,-0.148002780738867,0.148812131281667,FALSE,FALSE,"NS"
"RPS15A",0.0512930862402763,-0.0782204816430231,0.15021876430264,FALSE,FALSE,"NS"
"TERF2IP",0.0514137862759663,0.0339786015947159,0.15021876430264,FALSE,FALSE,"NS"
"FAM126B",0.0527115044253907,0.0546191669626069,0.152888950942577,FALSE,FALSE,"NS"
"PHOSPHO1",0.0526169982010273,-0.0448738447079725,0.152888950942577,FALSE,FALSE,"NS"
"SERPINA1",0.0525801219449029,-0.111282115998139,0.152888950942577,FALSE,FALSE,"NS"
"PPP1R15A",0.0535622022093976,-0.0770598150488983,0.154980221889177,FALSE,FALSE,"NS"
"DOK3",0.0540839644771479,0.0588790040829622,0.155735753132992,FALSE,FALSE,"NS"
"PGD",0.0539570082974013,0.126010129093233,0.155735753132992,FALSE,FALSE,"NS"
"ZYX",0.0547527510898109,0.0967491829137097,0.157282542193087,FALSE,FALSE,"NS"
"RANBP2",0.0551266316152455,0.0266192007032044,0.157976798034097,FALSE,FALSE,"NS"
"HSH2D",0.0555208310569762,-0.0422482270650052,0.158725820844705,FALSE,FALSE,"NS"
"GIT2",0.0558269198827986,0.051285974047606,0.159219974367409,FALSE,FALSE,"NS"
"FGL2",0.0573090505911291,-0.0843705637204613,0.163057893943808,FALSE,FALSE,"NS"
"OSER1",0.0576052652500178,-0.0336605164605912,0.16312391462979,FALSE,FALSE,"NS"
"PKM",0.0575149250879604,0.044816985259832,0.16312391462979,FALSE,FALSE,"NS"
"ATP2A3",0.0577471649429911,-0.0109750106117964,0.163139153916961,FALSE,FALSE,"NS"
"ZDHHC18",0.0580876461937105,-0.0538903811690206,0.163714002833689,FALSE,FALSE,"NS"
"ATG3",0.0588502903719405,-0.0380369558753244,0.165180036441353,FALSE,FALSE,"NS"
"FRAT2",0.0588842640368336,-0.048489393848428,0.165180036441353,FALSE,FALSE,"NS"
"KDM7A",0.0591822344034656,0.0391704440233682,0.165627096281361,FALSE,FALSE,"NS"
"AKAP9",0.0593407643981214,0.0268660833379037,0.165682741719054,FALSE,FALSE,"NS"
"TLR4",0.0608794154964638,0.0388246566409564,0.169582521021618,FALSE,FALSE,"NS"
"TXNDC17",0.0612551568144188,-0.0223955890121551,0.170232354402862,FALSE,FALSE,"NS"
"TNRC6B",0.0618674346560493,0.00320914484885237,0.171534998640322,FALSE,FALSE,"NS"
"KIAA0319L",0.0620204151295939,0.0360817058660461,0.171561102036724,FALSE,FALSE,"NS"
"PSMB8",0.0623688672718221,-0.0477045731423069,0.172126550553874,FALSE,FALSE,"NS"
"CPD",0.0625357006522076,0.0759763394999303,0.172189314007807,FALSE,FALSE,"NS"
"RNF141",0.0627306953665636,-0.0434059874139617,0.172272738111374,FALSE,FALSE,"NS"
"TGOLN2",0.0628543211854049,0.0296987401618668,0.172272738111374,FALSE,FALSE,"NS"
"IRF2",0.0633710307064177,-0.0223531875129313,0.172502008414964,FALSE,FALSE,"NS"
"LAPTM5",0.0632862491895855,-0.117556452125331,0.172502008414964,FALSE,FALSE,"NS"
"PI3",0.0631322893208507,-0.0597852270350423,0.172502008414964,FALSE,FALSE,"NS"
"PELI1",0.0640140834475365,0.0854778670582485,0.173856431181378,FALSE,FALSE,"NS"
"CEBPB",0.0644271146069618,-0.010562751430072,0.174186429763166,FALSE,FALSE,"NS"
"CTSC",0.0643548536536736,-0.0379780548513395,0.174186429763166,FALSE,FALSE,"NS"
"PLXDC2",0.0649181776873816,0.0367852554886293,0.175117883377926,FALSE,FALSE,"NS"
"ARPC4",0.0661961922821365,-0.0412343001450873,0.177762808487985,FALSE,FALSE,"NS"
"ITPK1",0.0660478904628963,-0.0415117020444393,0.177762808487985,FALSE,FALSE,"NS"
"H2AFY",0.067006642525405,0.0535404554318535,0.179535735017621,FALSE,FALSE,"NS"
"LILRA2",0.0688559266967203,-0.0473115747034609,0.184077924837988,FALSE,FALSE,"NS"
"GNG2",0.0694649085449291,0.0281590743631594,0.184878765503765,FALSE,FALSE,"NS"
"TAGLN2",0.069311233305551,-0.19165008274047,0.184878765503765,FALSE,FALSE,"NS"
"VNN2",0.0701637804794195,0.0664924121287267,0.186323817050903,FALSE,FALSE,"NS"
"CCNL1",0.0708178729822306,0.0575868564611741,0.18764380978662,FALSE,FALSE,"NS"
"PYGL",0.0712093958314871,0.0971763500313786,0.188263778802272,FALSE,FALSE,"NS"
"GABARAPL2",0.0717847524476767,-0.0710198425180897,0.18936595844365,FALSE,FALSE,"NS"
"CCL5",0.072669751168585,-0.0398406017084194,0.190439369838726,FALSE,FALSE,"NS"
"CLEC2B",0.0726124159579764,-0.0525653351095079,0.190439369838726,FALSE,FALSE,"NS"
"VMP1",0.0725360657229468,0.0596081160179255,0.190439369838726,FALSE,FALSE,"NS"
"SMAP2",0.0737237216122605,0.103771292871487,0.192778659358099,FALSE,FALSE,"NS"
"NCOR1",0.0741973507257941,0.0306034335219481,0.193171751889595,FALSE,FALSE,"NS"
"RPL13A",0.0741780714016734,-0.0368517630253631,0.193171751889595,FALSE,FALSE,"NS"
"IFI16",0.0745071090806741,-0.0414522583202563,0.19355651163349,FALSE,FALSE,"NS"
"PF4",0.0758024012747408,0.0794844723733234,0.196494293976823,FALSE,FALSE,"NS"
"ABCA1",0.0759842335133552,0.0454741138879015,0.196524337436522,FALSE,FALSE,"NS"
"YWHAZ",0.0761429022871211,0.0688551690094616,0.196524337436522,FALSE,FALSE,"NS"
"CAST",0.0772234920309323,0.0643917958336035,0.197606151984934,FALSE,FALSE,"NS"
"LYST",0.0770638573311666,-0.0465419498452508,0.197606151984934,FALSE,FALSE,"NS"
"NCF4",0.0772031391978771,-0.0628129541270288,0.197606151984934,FALSE,FALSE,"NS"
"SAFB",0.0771193271094536,0.0296005861118166,0.197606151984934,FALSE,FALSE,"NS"
"PLP2",0.0779892692283062,0.032342366672306,0.199139266512448,FALSE,FALSE,"NS"
"CD177",0.0781658974315822,0.0265212887529363,0.199164706675353,FALSE,FALSE,"NS"
"SIRPA",0.0785658499668252,0.0312434312522373,0.199757852575226,FALSE,FALSE,"NS"
"RNF130",0.0791378234540259,-0.0542199939670625,0.200784923625395,FALSE,FALSE,"NS"
"RPL18",0.0811386858053638,-0.0496287149100062,0.205310036507207,FALSE,FALSE,"NS"
"S100A12",0.0812649767932293,0.239609466593998,0.205310036507207,FALSE,FALSE,"NS"
"RPL29",0.0817072738198392,-0.0342901412698423,0.205991966697696,FALSE,FALSE,"NS"
"CDK11A",0.0825998159062495,0.0271887645589409,0.207774382043584,FALSE,FALSE,"NS"
"CR1",0.0828766716499365,0.0457663601993368,0.207774382043584,FALSE,FALSE,"NS"
"VAMP2",0.0829358830416649,-0.0414377794430296,0.207774382043584,FALSE,FALSE,"NS"
"NMI",0.0835303415770484,-0.040707564240687,0.208825853942621,FALSE,FALSE,"NS"
"APOBEC3A",0.0838383391849519,0.0819429556520926,0.208955845417564,FALSE,FALSE,"NS"
"PACSIN2",0.0839320550631221,0.0146998968765668,0.208955845417564,FALSE,FALSE,"NS"
"ALDOA",0.085441325886934,-0.068612384892808,0.210075775920951,FALSE,FALSE,"NS"
"CSF2RA",0.0850193353281065,0.0448289107557044,0.210075775920951,FALSE,FALSE,"NS"
"DDX3X",0.085360551007143,-0.0298874980424492,0.210075775920951,FALSE,FALSE,"NS"
"ENTPD1",0.0853174990479657,0.0526540426353972,0.210075775920951,FALSE,FALSE,"NS"
"NARF",0.0854885404646695,0.00696900362481521,0.210075775920951,FALSE,FALSE,"NS"
"S100A9",0.0845876342825309,-0.030575102718847,0.210075775920951,FALSE,FALSE,"NS"
"YWHAB",0.0856124710238518,-0.0672084853662996,0.210075775920951,FALSE,FALSE,"NS"
"ENO1",0.0858794430234645,0.0267094337145134,0.210075922715207,FALSE,FALSE,"NS"
"TMEM258",0.0859641223495701,-0.0147342583159703,0.210075922715207,FALSE,FALSE,"NS"
"PABPC1",0.0865910133943515,-0.067212691602363,0.211176042869898,FALSE,FALSE,"NS"
"RPL19",0.0870423483620212,-0.0860975827651664,0.211844412001253,FALSE,FALSE,"NS"
"ADGRE2",0.0878601003941416,0.0571529846590411,0.213400040591462,FALSE,FALSE,"NS"
"ATHL1",0.0880482940178058,-0.0479301690497216,0.213423349596913,FALSE,FALSE,"NS"
"PRKAR1A",0.0884034186036787,0.0555963486593175,0.21385037496234,FALSE,FALSE,"NS"
"EEF1A1",0.0888357407383921,-0.106742101120303,0.214462040772482,FALSE,FALSE,"NS"
"MT-ATP8",0.0900889393232924,0.052568378086835,0.217048956635755,FALSE,FALSE,"NS"
"FNBP1",0.0912879854665894,0.0151793209880046,0.219495256805985,FALSE,FALSE,"NS"
"EFHD2",0.0915365732728171,0.00405428609874077,0.219651014178748,FALSE,FALSE,"NS"
"ADGRE5",0.0922488957984047,-0.0211432361478517,0.220916694346881,FALSE,FALSE,"NS"
"LCP1",0.093095573521867,0.0739946571447475,0.222498420717262,FALSE,FALSE,"NS"
"CD164",0.0934931378202055,0.0271612890630352,0.2228749968894,FALSE,FALSE,"NS"
"GUK1",0.093999161867998,-0.0765478648357407,0.2228749968894,FALSE,FALSE,"NS"
"STK40",0.0938039936962179,-0.0340897884528875,0.2228749968894,FALSE,FALSE,"NS"
"YPEL5",0.0939490841840751,-0.0385882326245755,0.2228749968894,FALSE,FALSE,"NS"
"MYL12B",0.0951815349789883,-0.0643897445962131,0.223461560510591,FALSE,FALSE,"NS"
"NBEAL2",0.0949114625084637,0.0243534635591312,0.223461560510591,FALSE,FALSE,"NS"
"OAZ1",0.0944614159414818,-0.210558459654333,0.223461560510591,FALSE,FALSE,"NS"
"PRELID1",0.0946298091087084,-0.0581987600167921,0.223461560510591,FALSE,FALSE,"NS"
"RPS18",0.0951389194592295,-0.0301942613371797,0.223461560510591,FALSE,FALSE,"NS"
"SAMD9L",0.095997022922915,0.0191846962172503,0.22493420077036,FALSE,FALSE,"NS"
"STEAP4",0.0964057194244899,0.0425555372761839,0.225449774387995,FALSE,FALSE,"NS"
"UBL5",0.0967619478942238,-0.0873262546613354,0.225840874479682,FALSE,FALSE,"NS"
"NEDD8",0.0969994389823098,-0.0216324999570694,0.225953858837934,FALSE,FALSE,"NS"
"PSAP",0.0978301269208346,0.0564721301370859,0.227445528541629,FALSE,FALSE,"NS"
"NCF2",0.0986542146812203,-0.0287571701598188,0.228472454542748,FALSE,FALSE,"NS"
"PET100",0.0985904279579871,-0.0542123940289481,0.228472454542748,FALSE,FALSE,"NS"
"RPS16",0.0991334777880602,-0.0422687364745209,0.229138309394066,FALSE,FALSE,"NS"
"C5AR1",0.0996404932932015,-0.0747288128724228,0.229865616767135,FALSE,FALSE,"NS"
"C19orf43",0.10072521700588,-0.0332413809218129,0.231030008295636,FALSE,FALSE,"NS"
"SNX6",0.100352604902095,-0.0307206559954998,0.231030008295636,FALSE,FALSE,"NS"
"TMEM59",0.100563851180741,-0.0383228155795531,0.231030008295636,FALSE,FALSE,"NS"
"LIMK2",0.102628358439758,0.0525095687509965,0.234816614696438,FALSE,FALSE,"NS"
"SNX10",0.102769112540784,-0.00669544198193017,0.234816614696438,FALSE,FALSE,"NS"
"MTHFS",0.10338629420087,-0.0239514817028539,0.235775995362671,FALSE,FALSE,"NS"
"HSPA1A",0.103871653382539,-0.0335577875942281,0.236431668175494,FALSE,FALSE,"NS"
"HBA2",0.104363053542263,0.129054857657146,0.237098572211034,FALSE,FALSE,"NS"
"BAZ1A",0.104636260589208,0.0419613957467325,0.237129344337915,FALSE,FALSE,"NS"
"DOCK8",0.105342373066085,0.0541220405146331,0.237129344337915,FALSE,FALSE,"NS"
"GNG5",0.105716658195519,-0.0753166639751305,0.237129344337915,FALSE,FALSE,"NS"
"KLF6",0.105765640612643,0.0757956121951454,0.237129344337915,FALSE,FALSE,"NS"
"NDUFB6",0.105191054135737,-0.0398854663118637,0.237129344337915,FALSE,FALSE,"NS"
"PARVG",0.105665841413442,0.0496612129576652,0.237129344337915,FALSE,FALSE,"NS"
"PTBP3",0.105695930985802,0.0460028448868329,0.237129344337915,FALSE,FALSE,"NS"
"FOLR3",0.106195158436154,0.046371000412115,0.237646468785027,FALSE,FALSE,"NS"
"FNIP1",0.107409102500461,0.0285524531427199,0.239913789697291,FALSE,FALSE,"NS"
"UQCRQ",0.107633787430059,-0.0393459547917994,0.239967119363657,FALSE,FALSE,"NS"
"ANP32A",0.107904000641123,-0.14844239539453,0.240121565672517,FALSE,FALSE,"NS"
"NACA",0.108355402737734,-0.0354929048872228,0.240677892698127,FALSE,FALSE,"NS"
"ATP5G2",0.110392098707845,-0.0595882503092915,0.243842066461876,FALSE,FALSE,"NS"
"CALM1",0.110263004728569,-0.0623367874249746,0.243842066461876,FALSE,FALSE,"NS"
"SEMA4A",0.110071463363332,0.0421174137072041,0.243842066461876,FALSE,FALSE,"NS"
"CLEC7A",0.110735790568768,-0.0370310196413309,0.244149944150697,FALSE,FALSE,"NS"
"C20orf24",0.111893914567204,-0.0443646718255733,0.246249038504251,FALSE,FALSE,"NS"
"RTN4",0.112173917400396,0.0471695325116278,0.246411454583591,FALSE,FALSE,"NS"
"CALM3",0.113958892701192,-0.0429140918709997,0.248259273504295,FALSE,FALSE,"NS"
"CREBRF",0.113837264975846,0.0481673010480461,0.248259273504295,FALSE,FALSE,"NS"
"FERMT3",0.113723928802043,0.0192396860043925,0.248259273504295,FALSE,FALSE,"NS"
"KIAA0232",0.114053841969756,0.0313449232382237,0.248259273504295,FALSE,FALSE,"NS"
"ST20",0.113460032519832,-0.0190878776328164,0.248259273504295,FALSE,FALSE,"NS"
"THEMIS2",0.117076425621705,-0.0310107871860858,0.254375142941704,FALSE,FALSE,"NS"
"GNAS",0.118059744405283,0.0154757419224885,0.255582236529553,FALSE,FALSE,"NS"
"SRGN",0.118055208649015,-0.221188652558634,0.255582236529553,FALSE,FALSE,"NS"
"IFIT2",0.118755062559058,-0.0438153562174069,0.256622603540821,FALSE,FALSE,"NS"
"ANXA11",0.119796820044423,0.00199800915669926,0.257940900816371,FALSE,FALSE,"NS"
"MTATP6P1",0.119738555924805,-0.0418091791214735,0.257940900816371,FALSE,FALSE,"NS"
"YTHDC1",0.120129027324651,-0.0335771839838291,0.258190984987334,FALSE,FALSE,"NS"
"KLF7",0.122277111911805,0.0276695001978332,0.262335994137535,FALSE,FALSE,"NS"
"HMGN2",0.122536426771675,-0.0444078624384655,0.262421200702781,FALSE,FALSE,"NS"
"LINC00937",0.123438377113805,0.0348050825339294,0.263879893830047,FALSE,FALSE,"NS"
"TOM1",0.124242150915255,0.0222083234716632,0.265123875613804,FALSE,FALSE,"NS"
"CD44",0.124648893791906,0.0516306345454467,0.265517697114666,FALSE,FALSE,"NS"
"FCGR3B",0.126378236444326,-0.247495877896709,0.268722406674324,FALSE,FALSE,"NS"
"RPS2",0.127030539785573,-0.0354691935460251,0.269629653718934,FALSE,FALSE,"NS"
"SRPK2",0.128494254164335,-0.0355924067323812,0.272252896677979,FALSE,FALSE,"NS"
"FAM8A1",0.129296473828188,0.0345787085408397,0.273467763229531,FALSE,FALSE,"NS"
"RPL13",0.129723316763242,-0.0577529813350654,0.273885801293417,FALSE,FALSE,"NS"
"CXCR1",0.130049624303205,-0.0536846392683044,0.274090478028801,FALSE,FALSE,"NS"
"GNB2",0.130639097220854,-0.0861336651404983,0.274848100667114,FALSE,FALSE,"NS"
"SUMO2",0.131417995356794,-0.0380003811745852,0.276000886557765,FALSE,FALSE,"NS"
"RAP1B",0.131725863698409,0.0338495019217681,0.276162117753682,FALSE,FALSE,"NS"
"CYTIP",0.133548144985511,0.0387826688653024,0.27949217733395,FALSE,FALSE,"NS"
"FFAR2",0.134111269748773,-0.0455263586778825,0.280180012849273,FALSE,FALSE,"NS"
"ADD3",0.134524127012159,0.0443472621894649,0.28055206244246,FALSE,FALSE,"NS"
"FAM157C",0.135088913306829,0.0290546755665999,0.281239113940175,FALSE,FALSE,"NS"
"GNAI2",0.137435905138834,-0.118876257946909,0.285364388933068,FALSE,FALSE,"NS"
"PSMB3",0.137675342871051,-0.0513185228926892,0.285364388933068,FALSE,FALSE,"NS"
"RIOK3",0.137786822104084,0.044863557081634,0.285364388933068,FALSE,FALSE,"NS"
"TOPORS-AS1",0.138688105396175,-0.046888038198044,0.286734058734307,FALSE,FALSE,"NS"
"ACOX1",0.13917716716229,0.0207208136808811,0.286924870590126,FALSE,FALSE,"NS"
"CASC3",0.139500711140471,0.0272236099137944,0.286924870590126,FALSE,FALSE,"NS"
"RASGRP2",0.1392634913226,0.0259634864263878,0.286924870590126,FALSE,FALSE,"NS"
"IDS",0.140038145888543,-0.0387481729481497,0.287535368276303,FALSE,FALSE,"NS"
"GSK3B",0.140337680167665,0.0243636405427579,0.287656136878834,FALSE,FALSE,"NS"
"EML4",0.140593987367975,0.0210275294541511,0.287688039220429,FALSE,FALSE,"NS"
"AAK1",0.141448251102819,0.0542748444254391,0.288377879970469,FALSE,FALSE,"NS"
"ADD1",0.141655075767921,0.0272423812964073,0.288377879970469,FALSE,FALSE,"NS"
"TECPR2",0.141589777242489,0.0194935033230507,0.288377879970469,FALSE,FALSE,"NS"
"ELF2",0.143332966676724,0.0242174276171884,0.291297440780077,FALSE,FALSE,"NS"
"LRG1",0.143898909432739,0.00915650286196601,0.291951098085099,FALSE,FALSE,"NS"
"FAM120A",0.144220005226555,0.0278923464379959,0.29210662075548,FALSE,FALSE,"NS"
"BRD4",0.144538543224362,-0.0382468334349484,0.292144906704021,FALSE,FALSE,"NS"
"GRB2",0.144727853362996,0.0594661801160453,0.292144906704021,FALSE,FALSE,"NS"
"TMEM55A",0.145189702887343,0.026323964089397,0.292582959444139,FALSE,FALSE,"NS"
"CD82",0.146630516947413,0.0471789034165643,0.293015832361469,FALSE,FALSE,"NS"
"GPX4",0.146451616352647,0.0414536557275683,0.293015832361469,FALSE,FALSE,"NS"
"PPDPF",0.146119531433487,0.0613017561128178,0.293015832361469,FALSE,FALSE,"NS"
"RAD21",0.14648210646802,0.023247568892637,0.293015832361469,FALSE,FALSE,"NS"
"RNF13",0.146240568006697,-0.0342296251375603,0.293015832361469,FALSE,FALSE,"NS"
"SBNO2",0.14709676335017,0.0187359864171408,0.293456815030807,FALSE,FALSE,"NS"
"UBAP1",0.147656277097098,0.0219383963949464,0.294082085218388,FALSE,FALSE,"NS"
"PTMA",0.148583793646892,-0.116311082995337,0.295436994023355,FALSE,FALSE,"NS"
"SQRDL",0.150272851827276,0.0193846958629383,0.298299099557467,FALSE,FALSE,"NS"
"LY96",0.151073358824325,-0.0924483295811152,0.299390818897294,FALSE,FALSE,"NS"
"TSPO",0.151682049395896,0.118110381533217,0.300099418920689,FALSE,FALSE,"NS"
"MT-ND4L",0.152481080961895,-0.0690754843786533,0.301181639255314,FALSE,FALSE,"NS"
"RPS12",0.15368360900227,-0.0395385123005807,0.302294603130013,FALSE,FALSE,"NS"
"RPS6KA1",0.153803446613429,0.0391011557160217,0.302294603130013,FALSE,FALSE,"NS"
"TCIRG1",0.153774561540423,-0.0372094605480803,0.302294603130013,FALSE,FALSE,"NS"
"CDKN2D",0.154338273344923,0.0563535243158925,0.302847679223618,FALSE,FALSE,"NS"
"NPEPPS",0.1582782010795,-0.00901725101206035,0.309056291323534,FALSE,FALSE,"NS"
"RNF145",0.158241075839799,-0.0243014388306221,0.309056291323534,FALSE,FALSE,"NS"
"TNFSF13B",0.158245455269837,-0.051099513224306,0.309056291323534,FALSE,FALSE,"NS"
"ATPIF1",0.158685006267642,0.0279401425507422,0.309345159037247,FALSE,FALSE,"NS"
"ATP6V0E1",0.15899834482652,-0.0466351234199484,0.309451176006012,FALSE,FALSE,"NS"
"IFITM3",0.159898480433423,-0.500216175781846,0.31019266902263,FALSE,TRUE,"NS"
"INPP5D",0.15985759777876,0.0212580390552037,0.31019266902263,FALSE,FALSE,"NS"
"PYCARD",0.160440725439754,-0.0686065774811059,0.310740140843608,FALSE,FALSE,"NS"
"HIST1H2AC",0.162287245868978,0.0566350558194022,0.312223210642845,FALSE,FALSE,"NS"
"MT-CYB",0.162171728664686,-0.0597278909376506,0.312223210642845,FALSE,FALSE,"NS"
"NCF1C",0.161919622679972,-0.0907343693363079,0.312223210642845,FALSE,FALSE,"NS"
"TMOD3",0.162512834326234,0.0293442583400768,0.312223210642845,FALSE,FALSE,"NS"
"USP32",0.162222968529039,0.03019755442671,0.312223210642845,FALSE,FALSE,"NS"
"ROCK1",0.163917010538878,0.0226857727946789,0.31441545360186,FALSE,FALSE,"NS"
"UBALD2",0.166542326591503,-0.0191315958717638,0.318939231212895,FALSE,FALSE,"NS"
"RSF1",0.166958519011172,0.0312239909642235,0.319224688349361,FALSE,FALSE,"NS"
"BNIP3L",0.167340668757963,-0.0317946352790451,0.319444247868635,FALSE,FALSE,"NS"
"TLN1",0.16855396193223,0.0421244285160088,0.321247184224905,FALSE,FALSE,"NS"
"CD14",0.169494811485725,-0.0333627557152196,0.322525954976817,FALSE,FALSE,"NS"
"N4BP2L2",0.170634773391746,0.047007320858071,0.324095553838547,FALSE,FALSE,"NS"
"PINK1",0.170862091145008,0.0241792810825928,0.324095553838547,FALSE,FALSE,"NS"
"PPP4R2",0.173017332082477,0.0337903760214165,0.327663568682346,FALSE,FALSE,"NS"
"ANXA5",0.173753418151523,0.022399058014248,0.327819270409483,FALSE,FALSE,"NS"
"GRAMD1A",0.173922525054069,0.0299488149605543,0.327819270409483,FALSE,FALSE,"NS"
"IFI30",0.173684361228507,0.0315531984409498,0.327819270409483,FALSE,FALSE,"NS"
"PLXNC1",0.174802353320319,0.0410003288274086,0.32895875939808,FALSE,FALSE,"NS"
"ZEB2",0.175463935070397,0.0450470503125722,0.3296845949829,FALSE,FALSE,"NS"
"IRF1",0.176306118762632,-0.0679325350538084,0.330228545331262,FALSE,FALSE,"NS"
"PPP4C",0.176072810955095,-0.0426800482688719,0.330228545331262,FALSE,FALSE,"NS"
"ANKRD11",0.177323806263587,0.011512780357178,0.331614942856003,FALSE,FALSE,"NS"
"RAB27A",0.178113837807925,0.0126240403949588,0.332571931531985,FALSE,FALSE,"NS"
"STAT1",0.17863932263576,0.0286987866748637,0.333032746567446,FALSE,FALSE,"NS"
"PBX2",0.179434995405877,-0.0321683410871233,0.333995045965767,FALSE,FALSE,"NS"
"UBXN4",0.182517419761137,0.0243807633885608,0.339204224906001,FALSE,FALSE,"NS"
"RNF44",0.182824112749338,-0.0281556929601672,0.339246606732079,FALSE,FALSE,"NS"
"FGR",0.183857746538242,0.0451672088695522,0.340108370144272,FALSE,FALSE,"NS"
"GK",0.183606449305438,0.0234316012072437,0.340108370144272,FALSE,FALSE,"NS"
"ACAP1",0.184674548929131,0.0506295276525546,0.340564947485049,FALSE,FALSE,"NS"
"CHCHD2",0.184480856398774,-0.0239487285635413,0.340564947485049,FALSE,FALSE,"NS"
"PTPN6",0.185991814031328,-0.0758545748958043,0.341938796565288,FALSE,FALSE,"NS"
"RALBP1",0.185888079623603,-0.0246553291598387,0.341938796565288,FALSE,FALSE,"NS"
"ACAP2",0.186992577848668,0.0454573548916375,0.343250584530197,FALSE,FALSE,"NS"
"CREB5",0.188336648526245,0.0547823846719835,0.344658950978351,FALSE,FALSE,"NS"
"KMT2E",0.188199724292425,0.00719322167799011,0.344658950978351,FALSE,FALSE,"NS"
"PIK3AP1",0.189612618165054,0.0245645307143363,0.346139976251598,FALSE,FALSE,"NS"
"RGL4",0.189725258949621,0.0167053943289429,0.346139976251598,FALSE,FALSE,"NS"
"TREM1",0.191752257566748,-0.0511501015004041,0.349304798463817,FALSE,FALSE,"NS"
"RPL15",0.19226640165586,-0.0308276985976508,0.349708295249244,FALSE,FALSE,"NS"
"RILPL2",0.193250911203248,0.031304317987936,0.350964800741461,FALSE,FALSE,"NS"
"FBXL5",0.193793139192036,0.0485747894212207,0.351415480021977,FALSE,FALSE,"NS"
"BAZ2B",0.194343208620202,-0.0338770283972646,0.351878991365366,FALSE,FALSE,"NS"
"TCEB2",0.195732998705341,-0.0599813903796897,0.353859203408293,FALSE,FALSE,"NS"
"PPP1R10",0.196551888937897,0.0415742231037068,0.354802881088803,FALSE,FALSE,"NS"
"ACSL4",0.197184820477238,0.0303189989659148,0.355408537662593,FALSE,FALSE,"NS"
"AQP9",0.197829972002618,0.0625624104282496,0.356034362263748,FALSE,FALSE,"NS"
"FAM177A1",0.198171306633848,-0.0398444018645435,0.356112348011201,FALSE,FALSE,"NS"
"ADAM8",0.198823856164215,0.0743350357052883,0.35674851068504,FALSE,FALSE,"NS"
"CHMP3",0.199225703486168,-0.00582883889546434,0.356933606695609,FALSE,FALSE,"NS"
"FCER1G",0.199714060067023,0.123126545247453,0.357272906856426,FALSE,FALSE,"NS"
"CHST15",0.201596840529972,-0.0148295437891316,0.360101979720952,FALSE,FALSE,"NS"
"LMO4",0.201934289035815,0.0352281078023496,0.360166381190744,FALSE,FALSE,"NS"
"UBN1",0.203804826703495,0.00936106448853888,0.362960905977164,FALSE,FALSE,"NS"
"MXD1",0.205301464878118,-0.00631204076131819,0.365082218049629,FALSE,FALSE,"NS"
"RPL7A",0.206341252911994,-0.0189777122459159,0.366386028573303,FALSE,FALSE,"NS"
"CCDC69",0.207920913103479,0.0262669200365373,0.368643161956465,FALSE,FALSE,"NS"
"MT-ND1",0.208634177769329,0.0108657704942099,0.36926415365788,FALSE,FALSE,"NS"
"PLCG2",0.208889178136173,0.0244563805999838,0.36926415365788,FALSE,FALSE,"NS"
"AKAP13",0.210190153629472,0.0356930308841113,0.369922288051869,FALSE,FALSE,"NS"
"CD55",0.209615719376248,0.0537489737391559,0.369922288051869,FALSE,FALSE,"NS"
"RB1CC1",0.209990356657585,0.0430486511067881,0.369922288051869,FALSE,FALSE,"NS"
"PPP1R18",0.211562685405087,-0.0473138626902994,0.371265046041095,FALSE,FALSE,"NS"
"VCP",0.21157447393639,0.0171074244394807,0.371265046041095,FALSE,FALSE,"NS"
"RGS18",0.214081577209016,0.089487732209235,0.375113614024596,FALSE,FALSE,"NS"
"LINC01578",0.215236377671071,0.0460055416013287,0.376210366179299,FALSE,FALSE,"NS"
"LMNB1",0.215651967224117,0.0151197890081573,0.376210366179299,FALSE,FALSE,"NS"
"PIK3CD",0.215587287574832,-0.0196657111018785,0.376210366179299,FALSE,FALSE,"NS"
"ATXN1",0.216316966848107,0.014229380281509,0.376271871009444,FALSE,FALSE,"NS"
"RAB3D",0.216308762209799,-0.0204146313845098,0.376271871009444,FALSE,FALSE,"NS"
"TLE3",0.217831397846669,-0.0439139669840303,0.377806270575863,FALSE,FALSE,"NS"
"TUBA4A",0.217810573158285,0.0359788513135819,0.377806270575863,FALSE,FALSE,"NS"
"BAZ2A",0.218858487530983,0.0294079993610344,0.379037525506557,FALSE,FALSE,"NS"
"CSF3R",0.219737395519572,0.111348961396837,0.38000895462502,FALSE,FALSE,"NS"
"EHBP1L1",0.220984155889649,0.0057770468891866,0.381612812555102,FALSE,FALSE,"NS"
"HIST2H2AA4",0.221788272138762,0.0572075329612836,0.382448752100751,FALSE,FALSE,"NS"
"MARCH7",0.222178660449019,0.0408677992417739,0.382569883626192,FALSE,FALSE,"NS"
"BRI3",0.22316904142409,-0.00996665942344406,0.383722308635665,FALSE,FALSE,"NS"
"TLR2",0.223798901886875,0.0647936975653778,0.38425242493508,FALSE,FALSE,"NS"
"MAST3",0.224374767428228,0.00696210475915498,0.384688446308081,FALSE,FALSE,"NS"
"FUS",0.224797884245136,-0.0153177949342437,0.384861707267818,FALSE,FALSE,"NS"
"SF3B2",0.226013515531624,-0.0221551600338657,0.3852869487308,FALSE,FALSE,"NS"
"TIMP2",0.225745880994531,0.00470223071856185,0.3852869487308,FALSE,FALSE,"NS"
"WBP2",0.225855016163109,-0.02254169998029,0.3852869487308,FALSE,FALSE,"NS"
"ZFYVE16",0.226869745649868,0.0354412404693364,0.386195649646143,FALSE,FALSE,"NS"
"GAPDH",0.227812934561503,0.0800514653913886,0.387249582931716,FALSE,FALSE,"NS"
"MT-CO3",0.228486940230967,-0.231092467265922,0.387843598829553,FALSE,FALSE,"NS"
"SKAP2",0.22882141635729,0.0186341460109356,0.387860414960229,FALSE,FALSE,"NS"
"PSMB10",0.230469111787511,-0.0326680840707351,0.390099983832968,FALSE,FALSE,"NS"
"JMJD6",0.230834968921016,0.0233866997534192,0.390166602348818,FALSE,FALSE,"NS"
"NCF1",0.231271911642774,-0.0638007302883432,0.39035301470779,FALSE,FALSE,"NS"
"WNK1",0.233028046747097,0.0256878790709591,0.392762363699268,FALSE,FALSE,"NS"
"FKBP8",0.234099135797792,-0.0359763817960647,0.39369891588615,FALSE,FALSE,"NS"
"MBP",0.23490152889274,0.0497430863948598,0.39369891588615,FALSE,FALSE,"NS"
"RPL14",0.234770174408303,-0.0366937881075624,0.39369891588615,FALSE,FALSE,"NS"
"STX11",0.234500768058156,0.00787456584238895,0.39369891588615,FALSE,FALSE,"NS"
"MOB3A",0.237086584550318,-0.0345637764419666,0.396804577783796,FALSE,FALSE,"NS"
"RNASEK",0.238310059653565,0.0654001343031276,0.397738158220685,FALSE,FALSE,"NS"
"SRA1",0.237984527363207,-0.0241505092759727,0.397738158220685,FALSE,FALSE,"NS"
"IVNS1ABP",0.239528189461796,0.0280340518419641,0.399213649102994,FALSE,FALSE,"NS"
"CD58",0.241313288371582,0.0242811901743349,0.401628662401171,FALSE,FALSE,"NS"
"CALM2",0.242689036480219,-0.0480957146554732,0.403275948547622,FALSE,FALSE,"NS"
"CHMP2A",0.243652916193626,-0.0252759083064308,0.403275948547622,FALSE,FALSE,"NS"
"RP11-467L13.7",0.243231006299371,-0.0634865265603133,0.403275948547622,FALSE,FALSE,"NS"
"STAT3",0.243638521436143,0.0345585960985405,0.403275948547622,FALSE,FALSE,"NS"
"C14orf2",0.244286439099153,-0.019347348363467,0.403765276242722,FALSE,FALSE,"NS"
"PTK2B",0.246607929295738,0.0279167244255078,0.407039330812717,FALSE,FALSE,"NS"
"BCL3",0.249048511542465,-0.0175170921016211,0.410500650059648,FALSE,FALSE,"NS"
"ALPK1",0.253197547626442,0.0327627074624063,0.416764558420934,FALSE,FALSE,"NS"
"CYTH1",0.254922098035734,0.0287829495075404,0.418346218905076,FALSE,FALSE,"NS"
"ERICH1",0.255558778075904,0.0249959609861123,0.418346218905076,FALSE,FALSE,"NS"
"KDM2A",0.255470356884975,0.0287538303979358,0.418346218905076,FALSE,FALSE,"NS"
"MEFV",0.255298055242754,-0.0375263095152824,0.418346218905076,FALSE,FALSE,"NS"
"ATG16L2",0.256140798137146,0.0362396670491463,0.418477191881535,FALSE,FALSE,"NS"
"KLF3",0.256339166909861,-0.0106318710035366,0.418477191881535,FALSE,FALSE,"NS"
"GNAI3",0.256793967514335,0.0249652635915831,0.418647736943562,FALSE,FALSE,"NS"
"FPR2",0.257635593729425,-0.0408100306004303,0.418876917696139,FALSE,FALSE,"NS"
"SELL",0.2574338372499,0.0558196017317624,0.418876917696139,FALSE,FALSE,"NS"
"GAB2",0.260814080235637,0.0188117229361352,0.423468513426069,FALSE,FALSE,"NS"
"S100A6",0.261855944808662,-0.209626803904882,0.424583248366827,FALSE,FALSE,"NS"
"RASSF3",0.264165621906573,-0.0234865477056109,0.427747856610236,FALSE,FALSE,"NS"
"FOXP1",0.266369974097414,0.0240780159702773,0.430010601476534,FALSE,FALSE,"NS"
"IFI6",0.266642557066202,0.0208650050406958,0.430010601476534,FALSE,FALSE,"NS"
"ZNF292",0.266279438303546,0.0312809473887571,0.430010601476534,FALSE,FALSE,"NS"
"DNAJB6",0.267291041524036,0.0343780842960439,0.430475464449087,FALSE,FALSE,"NS"
"HNRNPU",0.267809622040637,0.0468453645895961,0.43073014581233,FALSE,FALSE,"NS"
"ALOX5",0.268350269504998,0.0344153647810865,0.430941173863708,FALSE,FALSE,"NS"
"GLUL",0.268662070735115,-0.0525482605599342,0.430941173863708,FALSE,FALSE,"NS"
"BOD1L1",0.270120178742208,0.0468378585698077,0.430966106270946,FALSE,FALSE,"NS"
"CTSA",0.269852432281538,0.023468729613156,0.430966106270946,FALSE,FALSE,"NS"
"PREX1",0.269269081547459,0.0380409023675986,0.430966106270946,FALSE,FALSE,"NS"
"VAPA",0.270104426444155,0.0452165731525623,0.430966106270946,FALSE,FALSE,"NS"
"RPL18A",0.272354811665845,-0.026476164626069,0.433951999920913,FALSE,FALSE,"NS"
"ARHGEF2",0.27453760445867,0.0179036595454345,0.435109333326407,FALSE,FALSE,"NS"
"ATP6V0B",0.273712522866143,-0.0662757953370499,0.435109333326407,FALSE,FALSE,"NS"
"PSME1",0.274484937991902,-0.076993038864377,0.435109333326407,FALSE,FALSE,"NS"
"PTEN",0.273815456712043,0.0432495161444788,0.435109333326407,FALSE,FALSE,"NS"
"JAK1",0.275046733144511,-0.0330879854740675,0.435338869016808,FALSE,FALSE,"NS"
"ARHGAP25",0.275813480503921,-0.0183386289160966,0.435756985425726,FALSE,FALSE,"NS"
"IQGAP1",0.276040199135795,0.0559261370276992,0.435756985425726,FALSE,FALSE,"NS"
"CELF1",0.277095189282877,0.0444886841606979,0.436269764417705,FALSE,FALSE,"NS"
"DYNC1LI1",0.27694742052154,0.00748607202175326,0.436269764417705,FALSE,FALSE,"NS"
"NAMPT",0.2811793401646,0.0334740313043127,0.442117515127234,FALSE,FALSE,"NS"
"EIF5",0.282926546800316,-0.0090288789561131,0.444280188470929,FALSE,FALSE,"NS"
"DEK",0.284370425626073,0.0234808413005367,0.445961494256111,FALSE,FALSE,"NS"
"NADK",0.285523137463357,-0.0395798141319385,0.446023408602939,FALSE,FALSE,"NS"
"RABAC1",0.285529629775103,-0.0278355960938878,0.446023408602939,FALSE,FALSE,"NS"
"ST8SIA4",0.284943319495491,-0.0266207652461798,0.446023408602939,FALSE,FALSE,"NS"
"PTPRE",0.288657455110871,0.0616099486358741,0.450320703469309,FALSE,FALSE,"NS"
"IFITM1",0.292953716570855,0.105107067005632,0.456427237682102,FALSE,FALSE,"NS"
"RNF149",0.294023429326157,0.06737771967839,0.457021993566572,FALSE,FALSE,"NS"
"TRIM38",0.29410034565079,0.0303386810653634,0.457021993566572,FALSE,FALSE,"NS"
"ATP5E",0.296320340122381,-0.161308352335723,0.4597903029688,FALSE,FALSE,"NS"
"CLIC1",0.296651316810832,-0.0890017966148419,0.4597903029688,FALSE,FALSE,"NS"
"ANKRD13A",0.297188221671013,0.0170969741670145,0.460025809451892,FALSE,FALSE,"NS"
"HMGB1",0.297816373890968,0.0308732682304782,0.460401768175559,FALSE,FALSE,"NS"
"ACTB",0.298622314162889,-0.0513608470066813,0.460456342483422,FALSE,FALSE,"NS"
"USP4",0.298294357839622,0.00894087267268808,0.460456342483422,FALSE,FALSE,"NS"
"DBNL",0.300125027924065,0.0144913043708261,0.460988956772825,FALSE,FALSE,"NS"
"PAFAH1B2",0.299379135895005,0.0223027786700124,0.460988956772825,FALSE,FALSE,"NS"
"RBM39",0.300085600609177,0.0292799289762827,0.460988956772825,FALSE,FALSE,"NS"
"ATP6V1B2",0.301615875197837,0.0134794977007135,0.462090988283866,FALSE,FALSE,"NS"
"RP11-34P13.13",0.301360096252709,0.0299241695130547,0.462090988283866,FALSE,FALSE,"NS"
"TGFBR2",0.303757054834993,-0.0323320966745521,0.464775519241763,FALSE,FALSE,"NS"
"GPX1",0.304217623750002,-0.0261913889893242,0.464884987699811,FALSE,FALSE,"NS"
"ASAH1",0.30525206514402,0.0442449253574504,0.465336124505018,FALSE,FALSE,"NS"
"ATP6V0C",0.305519516466132,-0.00765871225882903,0.465336124505018,FALSE,FALSE,"NS"
"CPEB4",0.305681052499112,0.0308904291180643,0.465336124505018,FALSE,FALSE,"NS"
"DRAP1",0.307045815739312,0.0237873461830013,0.466567237290705,FALSE,FALSE,"NS"
"LILRB3",0.307270640793126,0.0490656479210834,0.466567237290705,FALSE,FALSE,"NS"
"CASP4",0.308551989612463,-0.00136107333407323,0.467918309120424,FALSE,FALSE,"NS"
"JUND",0.309213362168276,-0.0315247378310391,0.468326955375272,FALSE,FALSE,"NS"
"ATP6V1G1",0.312864152581128,-0.0380694183009467,0.473256534600568,FALSE,FALSE,"NS"
"TNFRSF10C",0.313324852048972,0.0107141501428046,0.473354232867916,FALSE,FALSE,"NS"
"COX7A2",0.314877887805222,-0.0460120826309806,0.475099843342476,FALSE,FALSE,"NS"
"SH3BP2",0.316510484210454,0.0132659225891292,0.476960944049802,FALSE,FALSE,"NS"
"DDX60L",0.318619356056483,0.0344931160401572,0.47953416937972,FALSE,FALSE,"NS"
"PDLIM7",0.321336007276739,-0.0218157533792467,0.48301450150403,FALSE,FALSE,"NS"
"IRS2",0.323712627392975,0.0247174193123294,0.485975615244478,FALSE,FALSE,"NS"
"MT-ND4",0.324435820385618,-0.226175753405086,0.486450194932011,FALSE,FALSE,"NS"
"LRRC25",0.326282613482079,-0.0161349672267624,0.487384653888855,FALSE,FALSE,"NS"
"MBD6",0.326232258861172,0.0246162975621496,0.487384653888855,FALSE,FALSE,"NS"
"MPHOSPH8",0.325901149306956,-0.0197049949591684,0.487384653888855,FALSE,FALSE,"NS"
"RAB31",0.327693838057028,0.0562236073480475,0.488271990621133,FALSE,FALSE,"NS"
"RPS24",0.32765882697634,-0.03995693527597,0.488271990621133,FALSE,FALSE,"NS"
"GBP5",0.330567003269586,-0.0277632440292421,0.491939687306545,FALSE,FALSE,"NS"
"GPCPD1",0.331940588205773,-0.00923250075609373,0.492523738672085,FALSE,FALSE,"NS"
"TMBIM4",0.332195927506026,-0.0307954198915731,0.492523738672085,FALSE,FALSE,"NS"
"TPR",0.331434373223399,-0.0241857771296305,0.492523738672085,FALSE,FALSE,"NS"
"SLC16A3",0.333739920232305,0.0414272820970942,0.494199757964813,FALSE,FALSE,"NS"
"OST4",0.335920744908982,0.0656557643263971,0.496813477928506,FALSE,FALSE,"NS"
"ADAR",0.338108588944303,0.0477174222635044,0.499346742103829,FALSE,FALSE,"NS"
"NCF1B",0.338887203218582,0.0362486008175781,0.499346742103829,FALSE,FALSE,"NS"
"NEDD9",0.338533769954323,0.035945279531912,0.499346742103829,FALSE,FALSE,"NS"
"ABHD2",0.339811925573039,0.0244485162641928,0.499651898970135,FALSE,FALSE,"NS"
"ARID4B",0.340766776285071,0.010918296290772,0.499651898970135,FALSE,FALSE,"NS"
"LPAR2",0.340241366963568,-0.016522496298194,0.499651898970135,FALSE,FALSE,"NS"
"UBE2B",0.340500874118556,-0.00109153233456372,0.499651898970135,FALSE,FALSE,"NS"
"CCNI",0.34342626868873,-0.0322311447143908,0.502934302797834,FALSE,FALSE,"NS"
"BTG2",0.345056866002938,-0.028048104454134,0.504665747453697,FALSE,FALSE,"NS"
"SQSTM1",0.345453206206798,0.0382479813486559,0.504665747453697,FALSE,FALSE,"NS"
"RAB14",0.347795305661814,0.00813900178704439,0.507466898981524,FALSE,FALSE,"NS"
"NUFIP2",0.3486767107896,0.0325518533923659,0.508132523650698,FALSE,FALSE,"NS"
"MYL12A",0.351563312117803,0.111464289287884,0.510834396636166,FALSE,FALSE,"NS"
"OASL",0.351461808992451,0.0246444137519477,0.510834396636166,FALSE,FALSE,"NS"
"RPS26",0.351813145131017,0.0147943980370796,0.510834396636166,FALSE,FALSE,"NS"
"KLF13",0.352579844276468,0.0180765663228885,0.511326351832984,FALSE,FALSE,"NS"
"ZFAS1",0.353183681599353,0.0273156031283646,0.51158121152876,FALSE,FALSE,"NS"
"IFNAR1",0.357418291578783,-0.0327659675595327,0.516525785334424,FALSE,FALSE,"NS"
"SASH3",0.357461777800476,0.0117785532374039,0.516525785334424,FALSE,FALSE,"NS"
"SELPLG",0.359312861541085,0.0130948935202136,0.518573513939126,FALSE,FALSE,"NS"
"MT-ND5",0.359965381752066,-0.0551423849862902,0.518888578038262,FALSE,FALSE,"NS"
"KDM6B",0.36276607192316,-0.00596073037237518,0.522295730058044,FALSE,FALSE,"NS"
"EIF2AK2",0.364085844545384,0.0258366369740052,0.523016565205702,FALSE,FALSE,"NS"
"EMP3",0.365017418729335,-0.052022555256983,0.523016565205702,FALSE,FALSE,"NS"
"LPCAT2",0.364737233625983,0.0230497679188714,0.523016565205702,FALSE,FALSE,"NS"
"STAG2",0.36469454508445,-0.0227702781388339,0.523016565205702,FALSE,FALSE,"NS"
"MKNK1",0.365810973147999,0.0194976921071452,0.523525883726777,FALSE,FALSE,"NS"
"ARRB2",0.367501651543635,-0.0127350716979687,0.524062617654707,FALSE,FALSE,"NS"
"CSTA",0.366945248246833,0.00766046727225529,0.524062617654707,FALSE,FALSE,"NS"
"TYMP",0.367316115472311,-0.0450774633672605,0.524062617654707,FALSE,FALSE,"NS"
"RTN3",0.368032471029325,0.0327381235534529,0.524194043957144,FALSE,FALSE,"NS"
"MAP3K1",0.368900579942796,0.0237934778615625,0.524804991704335,FALSE,FALSE,"NS"
"P2RY13",0.369522549809403,-0.0306719845647996,0.52506474081122,FALSE,FALSE,"NS"
"SDCBP",0.37033905526475,-0.0440738621343065,0.525599965607335,FALSE,FALSE,"NS"
"MT-CO2",0.371757393513044,0.179978362415254,0.526987052488835,FALSE,FALSE,"NS"
"ADAM10",0.372951359489568,0.0195771944012654,0.527962286503495,FALSE,FALSE,"NS"
"NFE2",0.373328980833016,-0.00672042108719871,0.527962286503495,FALSE,FALSE,"NS"
"MGRN1",0.374468843819525,0.0164888489241051,0.528948307759258,FALSE,FALSE,"NS"
"ADGRG3",0.375361718436271,-0.0169661292300205,0.529583534275494,FALSE,FALSE,"NS"
"NUMB",0.379980075904614,0.0188749900101862,0.535467206021242,FALSE,FALSE,"NS"
"CLEC4E",0.381012705880855,0.0271573343823138,0.536289968819342,FALSE,FALSE,"NS"
"CCND3",0.383248332099701,0.0305158510831305,0.53880206689311,FALSE,FALSE,"NS"
"LAMTOR5",0.386891682780723,0.02389258276365,0.543285030461767,FALSE,FALSE,"NS"
"OSTF1",0.38811905500937,0.014385700325052,0.544368862366429,FALSE,FALSE,"NS"
"TMSB10",0.388655297862651,-0.0835160275717766,0.544481923734898,FALSE,FALSE,"NS"
"CD63",0.390453877952811,0.0244562508292623,0.546361105566287,FALSE,FALSE,"NS"
"RPL36",0.396317680044181,-0.0212511775181943,0.553270593052332,FALSE,FALSE,"NS"
"WASF2",0.396124663145231,0.0153444792486576,0.553270593052332,FALSE,FALSE,"NS"
"EIF4G2",0.396796952544856,0.0277065679384986,0.553293300222991,FALSE,FALSE,"NS"
"PAIP2",0.398150199856128,-0.019263935705648,0.554533203762323,FALSE,FALSE,"NS"
"SEC62",0.399821916903431,0.0494217049947959,0.555669916208863,FALSE,FALSE,"NS"
"ZCCHC6",0.399896341372068,0.0413743192691609,0.555669916208863,FALSE,FALSE,"NS"
"PXN",0.401351593770564,-0.0315423180081924,0.557044314234407,FALSE,FALSE,"NS"
"BNIP2",0.402303066447557,0.0157068316289253,0.55771712807985,FALSE,FALSE,"NS"
"PSTPIP1",0.403537293200292,0.0195157636253257,0.558779913527635,FALSE,FALSE,"NS"
"ANPEP",0.404994911823702,-0.025936995195647,0.56014921253394,FALSE,FALSE,"NS"
"MIR223",0.405815683732964,-0.0231688163116318,0.560635539954788,FALSE,FALSE,"NS"
"HNRNPA2B1",0.40722685922826,0.0276492164228042,0.56108554519363,FALSE,FALSE,"NS"
"PIAS1",0.407120306871483,0.0327292207627231,0.56108554519363,FALSE,FALSE,"NS"
"RASSF2",0.407550002701314,0.00896029387363614,0.56108554519363,FALSE,FALSE,"NS"
"RPS15",0.40851331857047,-0.0328772849333972,0.56176457501923,FALSE,FALSE,"NS"
"NABP1",0.409047903432681,0.0287606871257714,0.561853154715005,FALSE,FALSE,"NS"
"ULK1",0.409977418513231,0.0207201066977547,0.562483369831586,FALSE,FALSE,"NS"
"DIP2B",0.413477958873779,0.0194871526650146,0.564932813929925,FALSE,FALSE,"NS"
"MIR142",0.414126481173736,0.0222607311165076,0.564932813929925,FALSE,FALSE,"NS"
"NFAM1",0.413112863163494,0.0243236193702502,0.564932813929925,FALSE,FALSE,"NS"
"PGK1",0.413202524152628,-0.036365906272978,0.564932813929925,FALSE,FALSE,"NS"
"UBR2",0.413807181205663,0.00945706261404909,0.564932813929925,FALSE,FALSE,"NS"
"NFKBIZ",0.415957433905831,0.0221725916955739,0.566783504580921,FALSE,FALSE,"NS"
"BRK1",0.416600606713957,-0.024674982663553,0.567013354240522,FALSE,FALSE,"NS"
"TLR1",0.419866163841134,0.00554684747752315,0.570807810910302,FALSE,FALSE,"NS"
"PNPLA2",0.421578351092386,0.0164367525040326,0.572484238131138,FALSE,FALSE,"NS"
"GRK2",0.422822031395901,0.00934704389744744,0.573521370622136,FALSE,FALSE,"NS"
"PGLS",0.424249321949213,-0.0156146723285395,0.574804920328015,FALSE,FALSE,"NS"
"POMP",0.427236346376714,0.0153141948610451,0.578196414405632,FALSE,FALSE,"NS"
"FAM101B",0.427932928673562,0.0161412794669045,0.578483992946727,FALSE,FALSE,"NS"
"CD37",0.42884902026235,-0.0230366515935497,0.578559210830774,FALSE,FALSE,"NS"
"SYF2",0.428956870959051,-0.0188466328897501,0.578559210830774,FALSE,FALSE,"NS"
"PJA2",0.430451667821572,0.0301660494418283,0.579920792611926,FALSE,FALSE,"NS"
"IFIT3",0.432611064569784,0.00596819328743001,0.582173673604607,FALSE,FALSE,"NS"
"HSP90AA1",0.434913843140715,-0.00271785207291139,0.584614221094661,FALSE,FALSE,"NS"
"ARL6IP5",0.43875489286397,0.014319801878276,0.588453531955605,FALSE,FALSE,"NS"
"C9orf16",0.438516795499946,0.00716802793516191,0.588453531955605,FALSE,FALSE,"NS"
"CFD",0.441184302544225,-0.0262763383565395,0.591048477063171,FALSE,FALSE,"NS"
"PRDX5",0.445372253624888,-0.0244006418382367,0.595990865713037,FALSE,FALSE,"NS"
"WIPF1",0.446498504459144,-0.0142843816069392,0.596829656407916,FALSE,FALSE,"NS"
"CCNDBP1",0.44833463307018,0.00368688354178601,0.597973835111656,FALSE,FALSE,"NS"
"MT-ATP6",0.448355277205057,-0.127680381161482,0.597973835111656,FALSE,FALSE,"NS"
"RAB5C",0.450021902578828,0.00246906044475169,0.599527506780044,FALSE,FALSE,"NS"
"PPP3CA",0.45059518867818,0.0256998267932492,0.599622773352366,FALSE,FALSE,"NS"
"KIAA0040",0.451638381788295,0.0184754942158925,0.600342454101237,FALSE,FALSE,"NS"
"ACTN4",0.452465561895033,-0.0224834235019097,0.60077371829396,FALSE,FALSE,"NS"
"LILRA6",0.454327804247567,0.0185845399867477,0.601279640006622,FALSE,FALSE,"NS"
"RPS8",0.453850678472948,-0.0303073345882813,0.601279640006622,FALSE,FALSE,"NS"
"ZNFX1",0.454356079435966,-0.0164774844235282,0.601279640006622,FALSE,FALSE,"NS"
"GMIP",0.454977482682282,0.00968770148131517,0.60143594226253,FALSE,FALSE,"NS"
"ANKRD12",0.457978218362981,0.0322945190288625,0.604733669551119,FALSE,FALSE,"NS"
"CAPZB",0.461239265733221,-0.0135210628519064,0.607918463977373,FALSE,FALSE,"NS"
"PAK1",0.461407570566927,-0.0564001777931682,0.607918463977373,FALSE,FALSE,"NS"
"COPE",0.462061440638667,-0.0211752391692566,0.608109495113664,FALSE,FALSE,"NS"
"ZCCHC11",0.463434347600429,0.0254604055108131,0.60924537445821,FALSE,FALSE,"NS"
"NR3C1",0.46476330015769,0.0198711766400399,0.610321037020263,FALSE,FALSE,"NS"
"PTP4A2",0.467123032221399,-0.0147004854250315,0.612074587176065,FALSE,FALSE,"NS"
"RARA",0.46678374190095,-0.0244051770601991,0.612074587176065,FALSE,FALSE,"NS"
"TAPBP",0.468457193213455,-0.0300586469369398,0.612852095645556,FALSE,FALSE,"NS"
"TXNIP",0.468742104954007,0.096842339876446,0.612852095645556,FALSE,FALSE,"NS"
"SEC61B",0.47056809569085,-0.0142570620385786,0.614567075792968,FALSE,FALSE,"NS"
"SERF2",0.473588560555253,-0.0922730568337188,0.617836604654506,FALSE,FALSE,"NS"
"ARHGAP30",0.480923427742727,0.0261099480868759,0.624334397836079,FALSE,FALSE,"NS"
"CEP350",0.480514878675113,0.0245825238352119,0.624334397836079,FALSE,FALSE,"NS"
"ISG15",0.479253687537926,0.00052296822271003,0.624334397836079,FALSE,FALSE,"NS"
"LCP2",0.481181573562367,0.0165507320350538,0.624334397836079,FALSE,FALSE,"NS"
"TMX4",0.480066542075502,0.00516416950764349,0.624334397836079,FALSE,FALSE,"NS"
"ARAP1",0.486436500482018,0.00817062095092373,0.628423370892986,FALSE,FALSE,"NS"
"DNAJA1",0.486310673904092,-0.00457673309965163,0.628423370892986,FALSE,FALSE,"NS"
"PHC2",0.485648287394216,0.0257414145177129,0.628423370892986,FALSE,FALSE,"NS"
"SORL1",0.486261672152005,0.0877294878090958,0.628423370892986,FALSE,FALSE,"NS"
"FGD3",0.490755874343708,0.0360815486122903,0.632944161244206,FALSE,FALSE,"NS"
"SRRM2",0.490995177801991,0.0109188258111454,0.632944161244206,FALSE,FALSE,"NS"
"B4GALT5",0.491901541117749,0.0123928830930795,0.633429247452274,FALSE,FALSE,"NS"
"USP10",0.493974876486799,-0.0192816125904424,0.635414399786572,FALSE,FALSE,"NS"
"DHRS7",0.494538814917685,0.0137322538540024,0.635455789060897,FALSE,FALSE,"NS"
"PHF21A",0.496145996575944,0.0321175559020034,0.636836161018531,FALSE,FALSE,"NS"
"PNISR",0.497645778903296,0.00923526161639041,0.638075864580943,FALSE,FALSE,"NS"
"BRD2",0.503684505904594,-0.00768283996664476,0.64460497033617,FALSE,FALSE,"NS"
"MSRB1",0.503816771794128,0.000385934345801475,0.64460497033617,FALSE,FALSE,"NS"
"TNFSF14",0.505659334048454,0.00676367464355076,0.646270485762462,FALSE,FALSE,"NS"
"APLP2",0.508683009654153,0.00463233647013703,0.648055646627626,FALSE,FALSE,"NS"
"BEST1",0.507793667223465,-0.0184321357991919,0.648055646627626,FALSE,FALSE,"NS"
"RPL28",0.508461220192116,-0.0855345965593403,0.648055646627626,FALSE,FALSE,"NS"
"TLR6",0.512399501370261,0.0263774567145551,0.652095212073974,FALSE,FALSE,"NS"
"CSTB",0.515348573039579,-0.00819279565260347,0.655150579555636,FALSE,FALSE,"NS"
"SF3B1",0.519394390817229,0.0216574547463349,0.659592239135588,FALSE,FALSE,"NS"
"DEF6",0.522187311738212,0.0214669452055976,0.660068910779736,FALSE,FALSE,"NS"
"FLOT1",0.523636257254552,0.0179950466288656,0.660068910779736,FALSE,FALSE,"NS"
"FXYD5",0.522591318767737,-0.024660549474385,0.660068910779736,FALSE,FALSE,"NS"
"HSBP1",0.52202755169553,-0.0239857949701178,0.660068910779736,FALSE,FALSE,"NS"
"OAZ2",0.522593810696784,-0.0167436028438147,0.660068910779736,FALSE,FALSE,"NS"
"RGS19",0.521896108606541,-0.00956751265947428,0.660068910779736,FALSE,FALSE,"NS"
"SRSF5",0.523522892584002,-0.0240572885680482,0.660068910779736,FALSE,FALSE,"NS"
"RBMS1",0.525367403442995,0.0350915632686062,0.66155326355572,FALSE,FALSE,"NS"
"CCPG1",0.527630871291974,0.00834068800132268,0.663006194735971,FALSE,FALSE,"NS"
"CDA",0.527216240691725,-0.058201820435092,0.663006194735971,FALSE,FALSE,"NS"
"FYB",0.52838572684846,-0.0594970491766553,0.663257293680577,FALSE,FALSE,"NS"
"HNRNPK",0.529938142932244,0.0242783558775825,0.66381140545496,FALSE,FALSE,"NS"
"PLAUR",0.529578188265863,-0.0211371985857794,0.66381140545496,FALSE,FALSE,"NS"
"RAP1A",0.533880408099604,-0.026986023642309,0.668049306470185,FALSE,FALSE,"NS"
"RAF1",0.53552805147012,0.00804391069255549,0.66941006433765,FALSE,FALSE,"NS"
"VASP",0.536237725883625,0.023499087376511,0.66959674235207,FALSE,FALSE,"NS"
"AURKAIP1",0.538741072183681,0.00983383197295928,0.672020439728079,FALSE,FALSE,"NS"
"PNRC1",0.540768640576486,0.0308888197184756,0.673846220530657,FALSE,FALSE,"NS"
"EGLN1",0.542886361619021,0.00856710492868955,0.675780418890343,FALSE,FALSE,"NS"
"MYD88",0.544389215430009,0.00389033339386073,0.676946006700167,FALSE,FALSE,"NS"
"FKBP1A",0.545708027838543,-0.0166563476793345,0.677245538850307,FALSE,FALSE,"NS"
"MAP1LC3B",0.545763559759704,0.0264313572599814,0.677245538850307,FALSE,FALSE,"NS"
"MIDN",0.547791229337782,-0.0222792132411852,0.679056555040093,FALSE,FALSE,"NS"
"RPS19",0.551610053796094,-0.0260329692551566,0.683081880089463,FALSE,FALSE,"NS"
"TAF7",0.553025992052646,0.011814389283556,0.684126356628273,FALSE,FALSE,"NS"
"ACTN1",0.55449266742136,0.0129629689020652,0.685231372873346,FALSE,FALSE,"NS"
"HRH2",0.558658468448004,0.04311414496808,0.68966618780513,FALSE,FALSE,"NS"
"OSBPL8",0.559414232117374,-0.0104168100090615,0.689886488524522,FALSE,FALSE,"NS"
"ARPC5",0.561665939125695,0.0199165433001057,0.69194927552083,FALSE,FALSE,"NS"
"CIR1",0.564936603891431,-0.0294720899573729,0.695261834861235,FALSE,FALSE,"NS"
"RBM25",0.565784151364259,0.0179961233038785,0.695588540000298,FALSE,FALSE,"NS"
"PPT1",0.568569477961688,0.00989578363560268,0.698294477044417,FALSE,FALSE,"NS"
"CEBPD",0.578924886572425,0.0207969974751307,0.702350496907663,FALSE,FALSE,"NS"
"FNDC3B",0.575781531160634,0.0105499456899556,0.702350496907663,FALSE,FALSE,"NS"
"HLA-F",0.573813993622261,-0.00114856072820138,0.702350496907663,FALSE,FALSE,"NS"
"MAP2K3",0.576243441566929,0.0205292485565296,0.702350496907663,FALSE,FALSE,"NS"
"MOB1A",0.578541296481212,-0.0169313579049182,0.702350496907663,FALSE,FALSE,"NS"
"MSN",0.57789113598378,-0.000986142267732484,0.702350496907663,FALSE,FALSE,"NS"
"PHF20L1",0.57258350179088,0.00667689844544299,0.702350496907663,FALSE,FALSE,"NS"
"PICALM",0.576922433515597,-0.0180323061558686,0.702350496907663,FALSE,FALSE,"NS"
"RPS21",0.576369444295253,-0.0233068184525909,0.702350496907663,FALSE,FALSE,"NS"
"SHOC2",0.578770749072638,-0.0113398758429062,0.702350496907663,FALSE,FALSE,"NS"
"TAP1",0.577506342209309,-0.015428663514306,0.702350496907663,FALSE,FALSE,"NS"
"UPF2",0.575945266439223,-0.017482465079109,0.702350496907663,FALSE,FALSE,"NS"
"LRRFIP1",0.580418966168554,0.00731771905991924,0.703448949869596,FALSE,FALSE,"NS"
"RPS29",0.581181853607456,-0.00666142841620605,0.703659893678733,FALSE,FALSE,"NS"
"NDUFA1",0.582499469518025,-0.00510534413499603,0.703828984908028,FALSE,FALSE,"NS"
"RSRP1",0.582454266880812,0.0213705088382261,0.703828984908028,FALSE,FALSE,"NS"
"TGFB1",0.583409069421785,0.027205324265336,0.704215997938417,FALSE,FALSE,"NS"
"ZFP36",0.584324637615325,-0.0479972027509294,0.704609426791437,FALSE,FALSE,"NS"
"CHURC1",0.591359982515496,0.00419467765668701,0.712374172485905,FALSE,FALSE,"NS"
"PHIP",0.594000109188367,0.0175490905669208,0.714833968257904,FALSE,FALSE,"NS"
"CFL1",0.59578019660593,0.0100243732793245,0.71625486412886,FALSE,FALSE,"NS"
"HIST1H2BC",0.596779462410224,0.0149994172551825,0.71673513324645,FALSE,FALSE,"NS"
"CTBS",0.598556801342351,0.00270534892774772,0.717162980641475,FALSE,FALSE,"NS"
"MIR4435-2HG",0.59893611270309,-0.0217804278878572,0.717162980641475,FALSE,FALSE,"NS"
"SH3KBP1",0.598750485180102,0.0203347071651968,0.717162980641475,FALSE,FALSE,"NS"
"C10orf54",0.600864812044106,0.00545879737837124,0.717839540370144,FALSE,FALSE,"NS"
"MX2",0.601303246787041,0.0353150232682245,0.717839540370144,FALSE,FALSE,"NS"
"YPEL3",0.601176308706255,-0.0331604993982894,0.717839540370144,FALSE,FALSE,"NS"
"CHD2",0.603370021836674,0.0107714998411665,0.718870564401621,FALSE,FALSE,"NS"
"ITGB2",0.603266113122044,-0.00881725905248668,0.718870564401621,FALSE,FALSE,"NS"
"RPL21",0.604584692600658,-0.0224580333549588,0.719600306432058,FALSE,FALSE,"NS"
"LPIN2",0.607687132830567,-0.0126995041558051,0.721854993769908,FALSE,FALSE,"NS"
"MT2A",0.607393655155975,-0.00964870497435123,0.721854993769908,FALSE,FALSE,"NS"
"CAPZA1",0.608683314523725,-0.0112164875286104,0.722320318625473,FALSE,FALSE,"NS"
"RAB2A",0.609715051524168,-0.0101392489291667,0.722826871598592,FALSE,FALSE,"NS"
"POLR2A",0.610339672680016,0.0159185067557992,0.722850256543726,FALSE,FALSE,"NS"
"HLA-E",0.612369908512901,-0.000228788365155941,0.723820020447989,FALSE,FALSE,"NS"
"SNAP23",0.612205685671631,0.0246066535186667,0.723820020447989,FALSE,FALSE,"NS"
"S100P",0.613705377110568,0.0364391163741684,0.724175611157825,FALSE,FALSE,"NS"
"TSC22D4",0.613882756571445,-0.00954803753989474,0.724175611157825,FALSE,FALSE,"NS"
"LILRA5",0.617166710236846,0.00612433835214896,0.727331576659794,FALSE,FALSE,"NS"
"MTPN",0.621393305880435,0.00858675273999231,0.731591133524255,FALSE,FALSE,"NS"
"NLRP1",0.625516443526469,0.0114258099860132,0.735720620092648,FALSE,FALSE,"NS"
"SEPT7",0.629566832958742,-0.0055752232394658,0.739756504804028,FALSE,FALSE,"NS"
"ACTR2",0.635512518938168,0.0332002132209526,0.742363108632562,FALSE,FALSE,"NS"
"CD46",0.633554248906415,-0.0202822839952627,0.742363108632562,FALSE,FALSE,"NS"
"FAM129A",0.635384470037185,0.00707084857181284,0.742363108632562,FALSE,FALSE,"NS"
"GLIPR1",0.635253963199928,-0.0108161637364343,0.742363108632562,FALSE,FALSE,"NS"
"MAPK1",0.633304275086289,0.0174922893052266,0.742363108632562,FALSE,FALSE,"NS"
"RHOA",0.634487287780547,-0.0107932622260874,0.742363108632562,FALSE,FALSE,"NS"
"RPS6",0.639751705500449,-0.0194299309407676,0.746585242258825,FALSE,FALSE,"NS"
"CD93",0.640665971710173,0.00160381849781539,0.746922767018201,FALSE,FALSE,"NS"
"ALOX5AP",0.647821491291013,0.0394302749767859,0.754472518889313,FALSE,FALSE,"NS"
"IFRD1",0.650929846840906,0.0333045287575164,0.754472518889313,FALSE,FALSE,"NS"
"MAP3K11",0.650176799807963,0.0257465329290403,0.754472518889313,FALSE,FALSE,"NS"
"RAB11A",0.649642558311419,0.00906638772083688,0.754472518889313,FALSE,FALSE,"NS"
"RASSF5",0.650371323952812,-0.0163341770284441,0.754472518889313,FALSE,FALSE,"NS"
"UBE2D3",0.649745233751333,0.015547840746693,0.754472518889313,FALSE,FALSE,"NS"
"TRAPPC1",0.654811430712178,-0.0199778675811967,0.757502090707699,FALSE,FALSE,"NS"
"VPS4B",0.6546934113813,0.0120269123233896,0.757502090707699,FALSE,FALSE,"NS"
"PCBP2",0.658226451469662,-0.0161015731952485,0.759247692573596,FALSE,FALSE,"NS"
"SIRPB1",0.65767570729161,-0.0156387379660016,0.759247692573596,FALSE,FALSE,"NS"
"XPO6",0.658068955061719,-0.0260492448755532,0.759247692573596,FALSE,FALSE,"NS"
"NDE1",0.660181011743722,-0.00437534928763985,0.760767896850287,FALSE,FALSE,"NS"
"CCDC88B",0.666556585677635,-0.00237134272675583,0.767374874648144,FALSE,FALSE,"NS"
"NQO2",0.667812803068175,0.0137172008519003,0.76771878725505,FALSE,FALSE,"NS"
"RBP7",0.668782642286617,-0.000749306053042423,0.76771878725505,FALSE,FALSE,"NS"
"RBPJ",0.668451567649458,-0.00848263755917028,0.76771878725505,FALSE,FALSE,"NS"
"KPNB1",0.670658288302158,-0.019504407656738,0.769133065759192,FALSE,FALSE,"NS"
"RPS7",0.678547754252541,-0.0125336675234084,0.777434867048693,FALSE,FALSE,"NS"
"FCN1",0.680100956028717,-0.00207080959977071,0.777840289608436,FALSE,FALSE,"NS"
"S100A8",0.68020343317223,-0.143108378850532,0.777840289608436,FALSE,FALSE,"NS"
"MIER1",0.683773243533868,0.00964451233794374,0.781174977077411,FALSE,FALSE,"NS"
"RBM23",0.686284271445832,0.0161877914439013,0.782592090758697,FALSE,FALSE,"NS"
"SEC14L1",0.686323440263694,-0.024970739080916,0.782592090758697,FALSE,FALSE,"NS"
"TBXAS1",0.689050755758932,0.0141809056502562,0.784952958181052,FALSE,FALSE,"NS"
"SLPI",0.690003914084882,0.0149252885140921,0.78529016888708,FALSE,FALSE,"NS"
"CYSTM1",0.693959382282162,0.0120356140244126,0.789040401357929,FALSE,FALSE,"NS"
"TKT",0.694634862098147,-0.0258305517225387,0.789057661793998,FALSE,FALSE,"NS"
"TNFRSF1B",0.699063855476179,-0.0323199588763859,0.793334574828142,FALSE,FALSE,"NS"
"SCAF11",0.702265715991328,-0.000268582388667227,0.796212078377265,FALSE,FALSE,"NS"
"ARHGAP26",0.713386220294342,0.0124306083963997,0.807288383761116,FALSE,FALSE,"NS"
"RCSD1",0.71337991731985,0.0146364181875309,0.807288383761116,FALSE,FALSE,"NS"
"FAM200B",0.714083261025127,-0.0118199921831444,0.807312674479685,FALSE,FALSE,"NS"
"CAPZA2",0.718142055416566,-0.0166286554182211,0.811133985087709,FALSE,FALSE,"NS"
"RICTOR",0.718950312130853,-0.0273131415110897,0.81113489113224,FALSE,FALSE,"NS"
"SMCHD1",0.720179179490633,0.0594116785792641,0.81113489113224,FALSE,FALSE,"NS"
"TBC1D14",0.720060751017042,-0.0137372297263633,0.81113489113224,FALSE,FALSE,"NS"
"MT-ND2",0.720977138249908,0.061907520295296,0.811269002079699,FALSE,FALSE,"NS"
"RXRA",0.722039930641663,0.00902528597166936,0.811700580542603,FALSE,FALSE,"NS"
"RALB",0.723543786939819,0.0152221423625801,0.812626715595004,FALSE,FALSE,"NS"
"GCA",0.726159766497168,0.0068373180742044,0.814798986820766,FALSE,FALSE,"NS"
"C4orf48",0.732221867676241,-0.000594926543142665,0.820762679120414,FALSE,FALSE,"NS"
"CARD16",0.732848350310863,-0.0253033935691816,0.820762679120414,FALSE,FALSE,"NS"
"NRBF2",0.734843494206798,-0.00705793334780236,0.821855134254944,FALSE,FALSE,"NS"
"SLC15A4",0.735199279095008,0.0126332444194459,0.821855134254944,FALSE,FALSE,"NS"
"LILRB2",0.737453745754277,-0.0113921665910757,0.823604884276974,FALSE,FALSE,"NS"
"PLEK",0.738480622938206,0.0198773969698778,0.823981647442723,FALSE,FALSE,"NS"
"ASAP1",0.747897086325505,0.00512892224835255,0.833709904999048,FALSE,FALSE,"NS"
"PSMD4",0.751135382650036,-0.0120896968035839,0.836539405654047,FALSE,FALSE,"NS"
"FLOT2",0.7538297967224,0.00980811306385537,0.83875847959336,FALSE,FALSE,"NS"
"ORAI2",0.760520228468231,0.0111497860697063,0.844629807638974,FALSE,FALSE,"NS"
"TM9SF2",0.760098950457865,0.00649766619848353,0.844629807638974,FALSE,FALSE,"NS"
"APBB1IP",0.764801020739782,0.00257919454452565,0.848006305901562,FALSE,FALSE,"NS"
"CDC42SE1",0.764979747081074,0.00625278815314048,0.848006305901562,FALSE,FALSE,"NS"
"CSNK1D",0.771773572295075,0.0105151278273673,0.854135199836931,FALSE,FALSE,"NS"
"SKP1",0.771938088555553,-0.00340140789818028,0.854135199836931,FALSE,FALSE,"NS"
"FAM49B",0.773079340751426,-0.0160934979339664,0.854606671783491,FALSE,FALSE,"NS"
"BLOC1S1",0.785721181329641,-0.00512702050647834,0.866977665456068,FALSE,FALSE,"NS"
"MME",0.785180336192772,-0.0208463190332967,0.866977665456068,FALSE,FALSE,"NS"
"DDX5",0.788090779477089,0.0162824185388649,0.867989383848038,FALSE,FALSE,"NS"
"SEMA4D",0.787658344504514,0.0121764160311907,0.867989383848038,FALSE,FALSE,"NS"
"DGAT2",0.791689944206703,0.0133630735862477,0.870999623008186,FALSE,FALSE,"NS"
"RASGRP4",0.792281665447613,-0.0110729816615881,0.870999623008186,FALSE,FALSE,"NS"
"R3HDM4",0.793905288029658,-0.0114749672467959,0.871982370584045,FALSE,FALSE,"NS"
"SLC44A2",0.795799690641458,-0.0198949866487836,0.873260450244759,FALSE,FALSE,"NS"
"MSL1",0.796596807507191,-0.0107142261665971,0.873333197221187,FALSE,FALSE,"NS"
"ARHGEF40",0.802842397304321,0.00564443992259638,0.87937366157531,FALSE,FALSE,"NS"
"TCF25",0.803733019964413,0.0164438476562038,0.879543002616734,FALSE,FALSE,"NS"
"BASP1",0.805724310314958,0.0463403628910515,0.880110192711494,FALSE,FALSE,"NS"
"MGAT1",0.805045940802878,-0.00311304055292572,0.880110192711494,FALSE,FALSE,"NS"
"SUB1",0.807839323034776,-0.011092818576561,0.881614603677221,FALSE,FALSE,"NS"
"ARHGAP9",0.812800483606621,0.00443655823195233,0.883681182364542,FALSE,FALSE,"NS"
"GBP2",0.814169859232938,0.00229893507280524,0.883681182364542,FALSE,FALSE,"NS"
"LAMP2",0.813242799743772,-0.00913504210130241,0.883681182364542,FALSE,FALSE,"NS"
"PKN2",0.811245311944198,-0.00614638667866139,0.883681182364542,FALSE,FALSE,"NS"
"SARAF",0.814144306779307,-0.0144394267139124,0.883681182364542,FALSE,FALSE,"NS"
"YME1L1",0.81203606421953,-0.0149309626509868,0.883681182364542,FALSE,FALSE,"NS"
"WAS",0.817872791353523,-0.0077957562438975,0.88689472383617,FALSE,FALSE,"NS"
"FOXO3",0.825316558426938,0.000379491081339459,0.891729916202704,FALSE,FALSE,"NS"
"GLIPR2",0.824167363470759,-0.012161543397997,0.891729916202704,FALSE,FALSE,"NS"
"PAK2",0.825179283310329,0.0159210692681469,0.891729916202704,FALSE,FALSE,"NS"
"SLC12A6",0.823446995827953,0.00241009467188131,0.891729916202704,FALSE,FALSE,"NS"
"NUP214",0.829103577476759,-0.0112701547765982,0.895012443617639,FALSE,FALSE,"NS"
"RAC2",0.830368858303514,0.0208420388769031,0.895569301148646,FALSE,FALSE,"NS"
"SP110",0.832477321554233,-0.00798100367091368,0.89703372340605,FALSE,FALSE,"NS"
"RSBN1L",0.834438869072603,-0.0147156626279682,0.898337341028614,FALSE,FALSE,"NS"
"CD302",0.835474759611086,0.000275580256202182,0.898642968258549,FALSE,FALSE,"NS"
"AGO4",0.837535499340306,0.0136813866474472,0.898830398244966,FALSE,FALSE,"NS"
"MARCKS",0.836484116746461,0.0167938032316104,0.898830398244966,FALSE,FALSE,"NS"
"NOTCH2",0.840161970577094,-0.0026868250817191,0.898830398244966,FALSE,FALSE,"NS"
"SPI1",0.839994640926289,-0.0265759949613174,0.898830398244966,FALSE,FALSE,"NS"
"TBL1X",0.839609740302539,0.014672542216108,0.898830398244966,FALSE,FALSE,"NS"
"TPM4",0.83996731914209,0.014181084800844,0.898830398244966,FALSE,FALSE,"NS"
"PPP1R2",0.841341687372964,-0.000534223851056115,0.899287402871818,FALSE,FALSE,"NS"
"C4orf3",0.849296049233566,0.0179017057320391,0.906168552530456,FALSE,FALSE,"NS"
"RAB7A",0.848661915932347,-0.0080635992817778,0.906168552530456,FALSE,FALSE,"NS"
"WAC",0.85440988411305,-0.00183877713827828,0.910811607060744,FALSE,FALSE,"NS"
"RP11-670E13.6",0.856073213959183,-0.00201631641181663,0.911771382068827,FALSE,FALSE,"NS"
"CDC42",0.857658083219749,0.0167623148455551,0.91264595676545,FALSE,FALSE,"NS"
"BCL2A1",0.859675147213995,-0.0267553894943992,0.912870406456831,FALSE,FALSE,"NS"
"ITGAX",0.858843371780453,0.022593728124784,0.912870406456831,FALSE,FALSE,"NS"
"MT-ND3",0.86016073445221,-0.0439103058538101,0.912870406456831,FALSE,FALSE,"NS"
"KLF2",0.861858403175559,0.00562791727271285,0.913860507360064,FALSE,FALSE,"NS"
"AGTRAP",0.8633909118849,0.00783745259934257,0.914673882714943,FALSE,FALSE,"NS"
"CAP1",0.864804349247127,0.00561152894594238,0.915359785075568,FALSE,FALSE,"NS"
"SON",0.867468892683901,0.0147218181619081,0.917367545802886,FALSE,FALSE,"NS"
"RHOG",0.869070574855799,-0.00803526958032463,0.918248750621291,FALSE,FALSE,"NS"
"CD53",0.871229725576303,0.00301716524273586,0.919716892282405,FALSE,FALSE,"NS"
"TNFSF10",0.875018879942475,-0.00240241004620248,0.922901643010819,FALSE,FALSE,"NS"
"PPBP",0.875837898890248,-0.00175971962440077,0.922950872287343,FALSE,FALSE,"NS"
"MCL1",0.87712592288234,-0.00443944940971086,0.923280571285001,FALSE,FALSE,"NS"
"QPCT",0.878468627239369,0.00756420056554929,0.923280571285001,FALSE,FALSE,"NS"
"TPI1",0.878251562032531,-0.0135404483009018,0.923280571285001,FALSE,FALSE,"NS"
"CYLD",0.883692391206017,0.00900551971055422,0.926326673237886,FALSE,FALSE,"NS"
"MKNK2",0.883194209274426,0.00821274273148483,0.926326673237886,FALSE,FALSE,"NS"
"RPS28",0.88249115113878,-1.06841602345031e-05,0.926326673237886,FALSE,FALSE,"NS"
"ADIPOR1",0.889381257334809,0.00243123624882279,0.931472920696842,FALSE,FALSE,"NS"
"SHKBP1",0.891243538903822,0.0125294377860871,0.932605979851198,FALSE,FALSE,"NS"
"SERP1",0.892063147578836,-0.00570312565973385,0.932646947818643,FALSE,FALSE,"NS"
"FAM45A",0.895862545021626,-0.00712734451998713,0.934983180175409,FALSE,FALSE,"NS"
"STX3",0.895453615910561,0.00483805888467961,0.934983180175409,FALSE,FALSE,"NS"
"BACH1",0.897739126469553,-0.00595789792674132,0.936124132749664,FALSE,FALSE,"NS"
"EP300",0.903157906200497,0.00505475562414563,0.940953529127806,FALSE,FALSE,"NS"
"FAM53C",0.904526446728906,-0.00312314402306891,0.941077580804216,FALSE,FALSE,"NS"
"MORF4L1",0.904852000287903,-0.00785878500622281,0.941077580804216,FALSE,FALSE,"NS"
"RBM47",0.906819827549648,-0.00384816770800869,0.942304081671156,FALSE,FALSE,"NS"
"TMEM154",0.91187788211489,-0.0140586002877336,0.946736810710072,FALSE,FALSE,"NS"
"LYZ",0.91619640956432,-0.0177513057234112,0.950394713046322,FALSE,FALSE,"NS"
"NFE2L2",0.918923554515768,0.00877971014716868,0.952396919034122,FALSE,FALSE,"NS"
"DUSP1",0.920501354864343,-0.0451427756423747,0.953205475791066,FALSE,FALSE,"NS"
"AKNA",0.92480063699311,0.00446570124172158,0.956828364681183,FALSE,FALSE,"NS"
"ARHGAP45",0.932708604783243,0.00587174652803634,0.961357715793434,FALSE,FALSE,"NS"
"KAT6A",0.932805058893445,0.00844785663266295,0.961357715793434,FALSE,FALSE,"NS"
"LRMP",0.930993340510701,0.00569636999608239,0.961357715793434,FALSE,FALSE,"NS"
"STK4",0.931247251770623,0.005479310796628,0.961357715793434,FALSE,FALSE,"NS"
"TDP2",0.933200795247183,0.0104085828302581,0.961357715793434,FALSE,FALSE,"NS"
"ARPC1B",0.936886961732508,-0.0191857719205053,0.963769631744607,FALSE,FALSE,"NS"
"GRN",0.937155072876346,-0.00412915533652014,0.963769631744607,FALSE,FALSE,"NS"
"ATP2B1",0.938616066022256,0.00506125381038751,0.964266833639523,FALSE,FALSE,"NS"
"DOCK5",0.940490665806643,-0.00326802902013386,0.964266833639523,FALSE,FALSE,"NS"
"EVI2B",0.941007788344847,0.0116511346194817,0.964266833639523,FALSE,FALSE,"NS"
"KCNJ15",0.940714244899925,0.00510541106989926,0.964266833639523,FALSE,FALSE,"NS"
"S1PR4",0.941673133771819,-0.00804086519411226,0.964266833639523,FALSE,FALSE,"NS"
"COX6A1",0.942563350624227,0.00699196807161984,0.964352058215712,FALSE,FALSE,"NS"
"PSMA7",0.947261330808366,-0.0051715305338635,0.968006730053456,FALSE,FALSE,"NS"
"TSC22D3",0.948565590705102,0.00199427565942295,0.968006730053456,FALSE,FALSE,"NS"
"TXN",0.948077723321462,0.0105690865908537,0.968006730053456,FALSE,FALSE,"NS"
"XRCC5",0.951663235040417,0.00395439537199467,0.970339220028411,FALSE,FALSE,"NS"
"BIN2",0.953295466385705,0.00812172010473525,0.971174835746732,FALSE,FALSE,"NS"
"HSD17B11",0.954347288621044,0.00345755899226385,0.971418236713925,FALSE,FALSE,"NS"
"STK10",0.955786970548712,-0.000994403841880459,0.97205568494103,FALSE,FALSE,"NS"
"IL2RG",0.957073384153849,0.00530731737021924,0.972536304476063,FALSE,FALSE,"NS"
"TET2",0.960106344406079,0.00229234028322635,0.974789364116623,FALSE,FALSE,"NS"
"PROK2",0.962169525718008,-0.00817001952215723,0.976054824476247,FALSE,FALSE,"NS"
"PTPRC",0.966072969049968,-0.00565972039443524,0.976952649229242,FALSE,FALSE,"NS"
"RBM33",0.965453643326279,-0.0024247821129401,0.976952649229242,FALSE,FALSE,"NS"
"SYK",0.963896442230066,7.6084610712901e-05,0.976952649229242,FALSE,FALSE,"NS"
"UBE2D1",0.966324712459384,-0.00984360980281314,0.976952649229242,FALSE,FALSE,"NS"
"JMJD1C",0.969000868170848,0.00403599319958464,0.978830124652717,FALSE,FALSE,"NS"
"AP5B1",0.971895836755186,0.0030835450925886,0.979621059062899,FALSE,FALSE,"NS"
"MYO1F",0.971313579718072,0.00350771261474181,0.979621059062899,FALSE,FALSE,"NS"
"UBE2D2",0.972243159873304,-0.00475894815548455,0.979621059062899,FALSE,FALSE,"NS"
"IFNGR2",0.976637640064642,-0.0047635469173273,0.983219865102988,FALSE,FALSE,"NS"
"FCGR2A",0.977497940092971,-0.00655418073907524,0.983257608090151,FALSE,FALSE,"NS"
"SLC43A2",0.978830205979042,-0.00415572150309307,0.983769635109298,FALSE,FALSE,"NS"
"HOTAIRM1",0.985823701237828,0.00147634755228974,0.989965817629583,FALSE,FALSE,"NS"
"MYO9B",0.989373552646929,-0.00177749929579059,0.992696385737263,FALSE,FALSE,"NS"
"ELF1",0.991928260901019,0.000388943645392534,0.99359117500144,FALSE,FALSE,"NS"
"GLRX",0.991299075107683,0.0032990062479254,0.99359117500144,FALSE,FALSE,"NS"
"SRP14",0.99715795777095,-0.00220589401864471,0.997993098439099,FALSE,FALSE,"NS"
"UBE2R2",0.998709168054312,-0.000945170462630124,0.998709168054312,FALSE,FALSE,"NS"
